,Row.names,Col0,mfec,logFC,logCPM,LR,PValue,FDR,Feature_ID,Phylum,Class,Order,Family,Genus,Species,Fasta,sig,color,label
1,OTU1,0.3485,0.756684210526316,1.11825361743083,19.0616303803984,9.81088555302387,0.0017348195165141,0.00421313311153424,16a14ca0b2bfe08e8e08cc3db89dbb0b,P__Proteobacteria,C__Betaproteobacteria,O__Burkholderiales,F__Comamonadaceae,G__Comamonas,,GTAGTCCACGCCCTAAACGATGTCAACTGGTTGTTGGGTCTTAACTGACTCAGTAACGAAGCTAACGCGTGAAGTTGACCGCCTGGGGAGTACGGCCGCAAGGTTGAAACTCAAAGGAATTGACGGGGACCCGCACAAGCGGTGGATGATGTGGTTTAATTCGATGCAACGCGAAAAACCTTACCCACCTTTGACATGGCAGGAACTTACCAGAGATGGTTTGGTGCTCGAAAGAGAACCTGCACACAGGTGCTGCATGGCTGTCGTCAGCTCGTGTCGTGAGATGTTGGGTTAAGTCCCGCAACGAGCGCAACCCTTGCCATTAGTTGCTACATTCAGTTGAGCACTCTAATGGGACTGCCGGTGACAAACCGGA,Enriched,C__Betaproteobacteria,G__Comamonas
2,OTU10,0.01795,0.00126315789473684,-3.70275206680016,13.5232457369405,32.057630403138,1.49666088691487e-08,1.27216175387764e-07,1fa1705554f735486c17bc54a1e1fa7b,P__Proteobacteria,C__Alphaproteobacteria,O__Rhizobiales,F__Rhizobiaceae,G__Rhizobium,,GTAGTCCACGCCGTAAACGATGAATGTTAGCCGTCGGGCAGTATACTGTTCGGTGGCGCAGCTAACGCATTAAACATTCCGCCTGGGGAGTACGGTCGCAAGATTAAAACTCAAAGGAATTGACGGGGGCCCGCACAAGCGGTGGAGCATGTGGTTTAATTCGAAGCAACGCGCAGAACCTTACCAGCCCTTGACATCCTGTGTTACCTCTAGAGATAGGGGGTCCACTTCGGTGGCGCAGAGACAGGTGCTGCATGGCTGTCGTCAGCTCGTGTCGTGAGATGTTGGGTTAAGTCCCGCAACGAGCGCAACCCTCGCCCTTAGTTGCCAGCATTTAGTTGGGCACTCTAAGGGGACTGCCGGTGATAAGCCGAGA,Depleted,C__Alphaproteobacteria,G__Rhizobium
3,OTU109,0.0018,5.26315789473684e-05,-3.43789845708766,11.5201128474555,6.28186254588627,0.012197983239877,0.0195628033092368,07439d98420b9d2a253f1a01f480c6ca,P__Firmicutes,C__Bacilli,O__Bacillales,F__Paenibacillaceae,G__Paenibacillus,S__chondroitinus,GTAGTCCACGCCGTAAACGATGCATACTAGGTGTCGGGGATTCGATTTCTCGGTGCCGAAGTTAACACAGTAAGTATGCCGCCTGGGGAGTACGCTCGCAAGAGTGAAACTCAAAGGAATTGACGGGGACCCGCACAAGCAGTGGAGTATGTGGTTTAATTCGAAGCAACGCGAAGAACCTTACCAGGTCTTGACATCTGGGTGTAAGCACTAGAGATAGTGCCCCTCTTCGGAGCACCCAAGACAGGTGGTGCATGGTTGTCGTCAGCTCGTGTCGTGAGATGTTGGGTTAAGTCCCGCAACGAGCGCAACCCTTGATCTTAGTTGCCAGCACTTCGGGTGGGCACTCTAGGATGACTGCCGGTGACAAACCGGA,Depleted,P__Firmicutes,G__Paenibacillus
4,OTU11,0.0615,0.00115789473684211,-5.58604103607189,15.0518333268997,66.1140458416858,4.25572253669858e-16,3.6173641561938e-14,7ddc6d188f18c076b5d2f60b8091964e,P__Firmicutes,C__Bacilli,O__Bacillales,F__Paenibacillaceae,G__Paenibacillus,,GTAGTCCACGCCGTAAACGATGAATGCTAGGTGTTAGGGGTTTCGATACCCTTGGTGCCGAAGTTAACACATTAAGCATTCCGCCTGGGGAGTACGCTCGCAAGAGTGAAACTCAAAGGAATTGACGGGGACCCGCACAAGCAGTGGAGTATGTGGTTTAATTCGAAGCAACGCGAAGAACCTTACCAGCTCTTGACATCCCGATGAAAGCATTAGAGATAGTGCCCCTCTTCGGAGCATCGGAGACAGGTGGTGCATGGTTGTCGTCAGCTCGTGTCGTGAGATGTTGGGTTAAGTCCCGCAACGAGCGCAACCCTTGATCTTAGTTGCCAGCAGGTTAAGCTGGGCACTCTAAGGTGACTGCCGGTGACAAACCGGA,Depleted,P__Firmicutes,G__Paenibacillus
5,OTU110,0.0018,5.26315789473684e-05,-3.43789845708766,11.5201128474555,7.23989001033862,0.00713013476693062,0.0126262803164396,a3217b8276f69370457364514729695a,P__Firmicutes,C__Bacilli,O__Bacillales,F__Paenibacillaceae,G__Paenibacillus,S__chondroitinus,GTAGTCCACGCCGTAAACGATGCATACTAGGTGTCAGGGGTTTCGATGCCCTTGGTGCCGAAGTTAACACAGTAAGTATGCCGCCTGGGGAGTACGCTCGCAAGAGTGAAACTCAAAGGAATTGACGGGGACCCGCACAAGCAGTGGAGTATGTGGTTTAATTCGAAGCAACGCGAAGAACCTTACCAGGTCTTGACATCCCGATGTAACACCTAGAGATAGGTGCCCTCTTCGGAGCATTGGAGACAGGTGGTGCATGGTTGTCGTCAGCTCGTGTCGTGAGATGTTGGGTTAAGTCCCGCAACGAGCGCAACCCTTGATCTTAGTTGCCAGCACTTCGGGTGGGCACTCTAGGATGACTGCCGGTGACAAACCGGA,Depleted,P__Firmicutes,G__Paenibacillus
6,OTU111,0.00195,0.000157894736842105,-2.87477409520105,11.5815133921197,6.14665017253816,0.0131661252011493,0.0203476480381399,e08816a2c8a984ebc54bb9fc5cbf4b5b,P__Firmicutes,C__Bacilli,O__Bacillales,F__Paenibacillaceae,G__Paenibacillus,S__chondroitinus,GTAGTCCACGCCGTAAACGATGCATACTAGGTGTCGGGGATTCGATTTCTCGGTGCCGAAGTTAACACAGTAAGTATGCCGCCTGGGGAGTACGCTCGCAAGAGTGAAACTCAAAGGAATTGACGGGGACCCGCACAAGCAGTGGAGTATGTGGTTTAATTCGAAGCAACGCGAAGAACCTTACCAGGTCTTGACATCTGGGTGTAAGCACTAGAGATAGTGCCCCTCTTCGGAGCACCCAAGACAGGTGGTGCATGGTTGTCGTCAGCTCGTGTCGTGAGATGTTGGGTTAAGTCCCGCAACGAGCGCAACCCTTGATCTTAGTTGCCAGCATGTTATGGTGGGCACTCTAGGATGACTGCCGGTGACAAACCGGA,Depleted,P__Firmicutes,G__Paenibacillus
7,OTU113,0,0.00342105263157895,4.82621394930892,11.8344941332895,20.8192710006023,5.04725421711708e-06,2.68135380284345e-05,64260f5553f1e19ecb5fd35312a86ba9,P__Proteobacteria,C__Betaproteobacteria,O__Burkholderiales,F__Comamonadaceae,G__Comamonas,,GTAGTCCACGCCCTAAACGATGTCAACTGGTTGTTGGGTCTTAACTGACTCAGTAACGAAGCTAACGCGTGAAGTTGACCGCCTGGGGAGTACGGCCGCAAGGTTGAAACTCAAAGGAATTGACGGGGACCCGCACAAGCGGTGGATGATGTGGTTTAATTCGATGCAACGCGAAAAACCTTACCCACCTTTGACATGGCAGGAACTTACCAGAGATGGTTTGGTGCTCGAAAGAGAACCTGCACACAGGTGCTGCATGGCTGTCGTCAGCTTGTGTCGTGAGATGTTGGGTTAAGTCCCGCAACGAGCGCAACCCTTGCCATTAGTTGCTACATTCAGTTGAGCACTCTAATGGGACTGCCGGTGACAAACCGGA,Enriched,C__Betaproteobacteria,G__Comamonas
8,OTU118,0.00655,0,-5.73876783680019,12.381981928592,2.27841379389841,0.131185981578648,0.139385105427313,160211ed412634a0d5fb59a375600077,P__Proteobacteria,C__Gammaproteobacteria,O__Pasteurellales,F__Pasteurellaceae,G__Haemophilus,S__influenzae,GTAGTCCACGCTGTAAACGCTGTCGATTTGGGGGTTGGGGTTTAACTCTGGCGCCCGTAGCTAACGTGATAAATCGACCGCCTGGGGAGTACGGCCGCAAGGTTAAAACTCAAATGAATTGACGGGGGCCCGCACAAGCGGTGGAGCATGTGGTTTAATTCGATGCAACGCGAAGAACCTTACCTACTCTTGACATCCAACGAATTCGATAGAGATATTGGAGTGCCTTCGGGAACGTTGAGACAGGTGCTGCATGGCTGTCGTCAGCTCGTGTTGTGAAATGTTGGGTTAAGTCCCGCAACGAGCGCAACCCTTATCCTTTGTTGCCAGCGATTAGGTCGGGAACTCAAAGGAGACTGCCAGTGATAAACTGGA,NS,C__Gammaproteobacteria,
9,OTU12,0.0255,0.0826315789473684,1.69132200261851,15.7501019459992,11.1573964808521,0.000836973001489827,0.00273625788948597,12f536207ed71bd9bd113ce252a826f5,P__Proteobacteria,C__Gammaproteobacteria,O__Xanthomonadales,F__Xanthomonadaceae,G__Stenotrophomonas,,GTAGTCCACGCCCTAAACGATGCGAACTGGATGTTGGGTGCAATTTGGCACGCAGTATCGAAGCTAACGCGTTAAGTTCGCCGCCTGGGGAGTACGGTCGCAAGACTGAAACTCAAAGGAATTGACGGGGGCCCGCACAAGCGGTGGAGTATGTGGTTTAATTCGATGCAACGCGAAGAACCTTACCTGGTCTTGACATGTCGAGAACTTTCCAGAGATGGATTGGTGCCTTCGGGAACTCGAACACAGGTGCTGCATGGCTGTCGTCAGCTCGTGTCGTGAGATGTTGGGTTAAGTCCCGCAACGAGCGCAACCCTTGTCCTTAGTTGCCAGCACGTAATGGTGGGAACTCTAAGGAGACCGCCGGTGACAAACCGGA,Enriched,C__Gammaproteobacteria,G__Stenotrophomonas
10,OTU120,0.00115,0,-3.35049724708413,11.3328342792629,6.71714981020475,0.0095490111399725,0.0156089605172627,5bb113f8e2ce6f89645c5c14a896601f,P__Firmicutes,C__Bacilli,O__Bacillales,F__Paenibacillaceae,G__Paenibacillus,S__chondroitinus,GTAGTCCACGCCGTAAACGATGCATACTAGGTGTTGGGGATTCGATTCCTCGGTGCCGAAGTTAACACAGTAAGTATGCCGCCTGGGGAGTACGCTCGCAAGAGTGAAACTCAAAGGAATTGACGGGGACCCGCACAAGCAGTGGAGTATGTGGTTTAATTCGAAGCAACGCGAAGAACCTTACCAGGTCTTGACATCTGGGTGTAAGCACTAGAGATAGTGCCCCTCTTCGGAGCACCCAAGACAGGTGGTGCATGGTTGTCGTCAGCTCGTGTCGTGAGATGTTGGGTTAAGTCCCGCAACGAGCGCAACCCTTGATCTTAGTTGCCAGCACTTTGGGTGGGCACTCTAAGATGACTGCCGGTGACAAACCGGA,Depleted,P__Firmicutes,G__Paenibacillus
11,OTU122,0.0013,0,-3.51096191927738,11.3750625146522,10.9434490292457,0.000939351448954472,0.0029572175244863,70c98d7f62a61ab6837001c052a9f3fd,P__Firmicutes,C__Bacilli,O__Bacillales,F__Paenibacillaceae,G__Paenibacillus,S__chondroitinus,GTAGTCCACGCCGTAAACGATGCATACTAGGTGTCGGGGATTCGATTTCTCGGTGCCGAAGTTAACACAGTAAGTATGCCGCCTGGGGAGTACGCTCGCAAGAGTGAAACTCAAAGGAATTGACGGGGACCCGCACAAGCAGTGGAGTATGTGGTTTAATTCGAAGCAACGCGAAGAACCTTACCAGGTCTTGACATCTGGGTGTAAGCACTAGAGATAGTGCCCCTCTTCGGAGCACCCAAGACAGGTGGTGCATGGTTGTCGTCAGCTCGTGTCGTGAGATGTTGGGTTAAGTCCCGCAACGAGCGCAACCCTTGATCTTAGTTGCCAGCACTTTGGGTGGGCACTCTAGGATGACTGCCGGTGACAAACCGGA,Depleted,P__Firmicutes,G__Paenibacillus
12,OTU125,0.0014,0.00105263157894737,-0.372920978854853,11.6519027200111,0.250846916228056,0.616479368073248,0.623818408169358,b9ed0adbfcdfa93daf141c4f7274e9b5,P__Proteobacteria,C__Betaproteobacteria,O__Burkholderiales,F__Comamonadaceae,G__Comamonas,,GTAGTCCACGCCCTAAACGATGTCAACTGGTTGTTGGGTCTTAACTGACTCAGTAACGAAGCTAACGCGTGAAGTTGACCGCCTGGGGAGTACGGCCGCAAGGTTGAAACTCAAAGGAATTGACGGGGACCCGCACAAGCGGTGGATGATGTGGTTTAATTCGATGCAACGCGAAAAACCTTACCCACCTTTGACATGGCAGGAACTTACCAGAGATGGTTTGGTGCTCGAAAGAGAACCTGCACACAGGTGCTGCATGGCTGTCGTCAGCTCGTGTCGTGAGATGTTGGGTTAAGTCCCGCAACGAGCGCAACCCTTGCCATTAGTTGCTACATTCAGTTGAGCACTCTAATGGGACTGCCAGTGATATACTGGA,NS,C__Betaproteobacteria,
13,OTU129,0.0048,0.001,-2.1301987231267,12.2670798337792,2.56519719885808,0.109238934971583,0.117535562944108,6101396067e7162949a6c62973bd4266,P__Proteobacteria,C__Alphaproteobacteria,O__Rhizobiales,F__Methylobacteriaceae,G__Methylobacterium,,GTAGTCCACGCCGTAAACGATGAATGCTAGCTGTTGGGGTGCTTGCACTTCAGTAGCGCAGCTAACGCTTTAAGCATTCCGCCTGGGGAGTACGGTCGCAAGATTAAAACTCAAAGGAATTGACGGGGGCCCGCACAAGCGGTGGAGCATGTGGTTTAATTCGAAGCAACGCGCAGAACCTTACCATCCTTTGACATGGCGTGTTATGGGGAGAGATCCTCAGTCCTCTTCGGAGGCGCGCACACAGGTGCTGCATGGCTGTCGTCAGCTCGTGTCGTGAGATGTTGGGTTAAGTCCCGCAACGAGCGCAACCCACGTCCTTAGTTGCCATCATTCAGTTGGGCACTCTAGGGAGACTGCCGGTGATAAGCCGCGA,NS,C__Alphaproteobacteria,
14,OTU13,0.02625,0.000526315789473684,-5.33967008207116,13.9343660602019,31.2075994586322,2.31856644735672e-08,1.79161952750292e-07,a4d7235811e3f452e7a193e6c0ecfdba,P__Proteobacteria,C__Alphaproteobacteria,O__Rhizobiales,F__Methylobacteriaceae,,,GTAGTCCACGCCGTAAACGATGAATGCCAGCCGTTGGCCTGCTTGCAGGTCAGTGGCGCCGCTAACGCATTAAGCATTCCGCCTGGGGAGTACGGTCGCAAGATTAAAACTCAAAGGAATTGACGGGGGCCCGCACAAGCGGTGGAGCATGTGGTTTAATTCGAAGCAACGCGCAGAACCTTACCATCCCTTGACATGGCATGTTACCTCGAGAGATCGGGGATCCTCTTCGGAGGCGTGCACACAGGTGCTGCATGGCTGTCGTCAGCTCGTGTCGTGAGATGTTGGGTTAAGTCCCGCAACGAGCGCAACCCACGTCCTTAGTTGCCATCATTCAGTTGGGCACTCTAGGGAGACTGCCGGTGATAAGCCGCGA,Depleted,C__Alphaproteobacteria,F__Methylobacteriaceae
15,OTU130,0.00105,0,-3.23266075679028,11.3039794165908,11.7790764384382,0.000599001954303229,0.00203660664463098,72295d555705fdbf879fa8819e380ea8,P__Firmicutes,C__Bacilli,O__Bacillales,F__Paenibacillaceae,G__Paenibacillus,S__chondroitinus,GTAGTCCACGCCGTAAACGATGCATACTAGGTGTTGGGGATTCGATTCCTCGGTGCCGAAGTTAACACAGTAAGTATGCCGCCTGGGGAGTACGCTCGCAAGAGTGAAACTCAAAGGAATTGACGGGGACCCGCACAAGCAGTGGAGTATGTGGTTTAATTCGAAGCAACGCGAAGAACCTTACCAGGTCTTGACATCTGGGTGTAAGCACTAGAGATAGTGCCCCTCTTCGGAGCACCCAAGACAGGTGGTGCATGGTTGTCGTCAGCTCGTGTCGTGAGATGTTGGGTTAAGTCCCGCAACGAGCGCAACCCTTGATCTTAGTTGCCAGCATTTCGGATGGGCACTCTAAGATGACTGCCGGTGACAAACCGGA,Depleted,P__Firmicutes,G__Paenibacillus
16,OTU134,0.00495,0.000210526315789474,-3.9189099937699,12.1744686835944,6.80672816766907,0.00908150151046083,0.0154385525677834,62858683fc22378fcc3b92b0971f67ad,P__Proteobacteria,C__Alphaproteobacteria,O__Rhizobiales,F__Methylobacteriaceae,G__Methylobacterium,S__hispanicum,GTAGTCCACGCCGTAAACGATGAATGCTAGCTGTTGGGGTGCATGCACCGCAGTAGCGCAGCTAACGCATTAAGCATTCCGCCTGGGGAGTACGGTCGCAAGATTAAAACTCAAAGGAATTGACGGGGGCCCGCACAAGCGGTGGAGCATGTGGTTTAATTCGAAGCAACGCGCAGAACCTTACCATCCTTTGACATGGCATGTTACCTGGAGAGATCCAGGGTCCTCTTCGGAGGCGTGCACACAGGTGCTGCATGGCTGTCGTCAGCTCGTGTCGTGAGATGTTGGGTTAAGTCCCGCAACGAGCGCAACCCACGTCCTCAGTTGCCATCATTCAGTTGGGCACTCTGGGGAGACTGCCGGTGATAAGCCGCGA,Depleted,C__Alphaproteobacteria,G__Methylobacterium
17,OTU138,0.001,5.26315789473684e-05,-2.66296501272243,11.3039794165908,4.13321771722123,0.0420493248207489,0.0489615425995022,b97b75991bd0558f1ddac19fca639b4a,P__Firmicutes,C__Bacilli,O__Bacillales,F__Bacillaceae,G__Bacillus,S__ginsengihumi,GTAGTCCACGCCGTAAACGATGAGTGCTAAGTGTTAGAGGGTTTCCGCCCTTTAGTGCTGCAGCTAACGCATTAAGCACTCCGCCTGGGGAGTACGACCGCAAGGTTGAAACTCAAAGGAATTGACGGGGGCCCGCACAAGCGGTGGAGCATGTGGTTTAATTCGAAGCAACGCGAAGAACCTTACCAGGTCTTGACATCCTCTGACCTCCCTAGAGATAGGGCCTTCCCCTTCGGGGGACAGAGTGACAGGTGGTGCATGGTTGTCGTCAGCTCGTGTCGTGAGATGTTGGGTTAAGTCCCGCAACGAGCGCAACCCTTGACCTTAGTTGCCAGCATTCAGTTGGGCACTCTAAGGTGACTGCCGGTGACAAACCGGA,Depleted,P__Firmicutes,G__Bacillus
18,OTU140,3e-04,0.000263157894736842,-0.130819210444721,11.1503562274776,0.0148679965804401,0.90295097592468,0.90295097592468,c47cfbe78c3b3258ece5d78af1e5aabf,P__Actinobacteria,C__Actinobacteria,O__Actinomycetales,F__Nocardioidaceae,,,GTAGTCCACACCGTAAACGTTGGGCGCTAGGTGTGGGGCCTATTCCATGGGTTCCGTGCCGCAGCTAACGCATTAAGCGCCCCGCCTGGGGAGTACGGCCGCAAGGCTAAAACTCAAAGGAATTGACGGGGGCCCGCACAAGCGGCGGAGCATGCGGATTAATTCGATGCAACGCGAAGAACCTTACCTGGGTTCAACTACTACCGGAAAGCGCTAGAGATAGTGCCCCTTTTTGTCGGTAGATAGGTGGTGCATGGCTGTCGTCAGCTCGTGTCGTGAGATGTTGGGTTAAGTCCCGCAACGAGCGCAACCCTCGTTCTATGTTGCCAGCACGTTATGGTGGGGACTCATAGGAGACTGCCGGGGTCAACTCGGA,NS,P__Actinobacteria,
19,OTU141,5e-05,0.00126315789473684,2.98774484809336,11.3611233236944,9.96731909933393,0.00159343341479076,0.00403718531714589,bed1121da0e02cbeff7d6ff31e38d3ce,P__Proteobacteria,C__Betaproteobacteria,O__Burkholderiales,F__Comamonadaceae,,,GTAGTCCACGCCCTAAACGATGTCAACTGGTTGTTGGGTCTTAACTGACTCAGTAACGAAGCTAACGCGTGAAGTTGACCGCCTGGGGAGTACGGCCGCAAGGTTGAAACTCAAAGGAATTGACGGGGACCCGCACAAGCGGTGGATGATGTGGTTTAATTCGATGCAACGCGAAAAACCTTACCCACCTTTGACATGGCAGGAACTTACCAGAGATGGTTTGGTGCTCGAAAGAGAACCTGCACACAGGTGCTGCATGGCTGTCGTCAGCTCGTGTCGTGAGATGTTGGGTTAAGTCCCGCAACGAGCGCAACCCTCGTCCTTAGTTGCCAGCATTCAGTTGGGCACTCTAAGGAAACTGCCGGTGATAAGCCGGA,Enriched,C__Betaproteobacteria,F__Comamonadaceae
20,OTU148,0.0013,0,-3.51096191927738,11.3750625146522,9.9633637373837,0.00159686033426079,0.00403718531714589,75307c99200d9b92c41869ddb15f64c3,P__Firmicutes,C__Bacilli,O__Bacillales,F__Paenibacillaceae,G__Paenibacillus,,GTAGTCCACGCCGTAAACGATGAATGCTAGGTGTTAGGGGTTTCGATACCCTTGGTGCCGAAGTTAACACATTAAGCATTCCGCCTGGGGAGTACGCTCTCAAGAGTGAAACTCAAAGGAATTGACGGGGACCCGCACAAGCAGTGGAGTATGTGGTTTAATTCGAAGCAACGCGAAGAACCTTACCAGCTCTTGACATCCCTCTGAATGCATTGGAGACAGTGCAGGCCTTCGGGACAGAGGAGACAGGTGGTGCATGGTTGTCGTCAGCTCGTGTCGTGAGATGTTGGGTTAAGTCCCGCAACGAGCGCAACCCTTGATCTTAGTTGCCAGCAGGTAAGGCTGGGCACTCTAAGGTGACTGCCGGTGACAAACCGGA,Depleted,P__Firmicutes,G__Paenibacillus
21,OTU159,8e-04,0,-2.88752527074159,11.2292116481888,9.94271253601634,0.00161487412685836,0.00403718531714589,49b3cf057c1dc21205c41725969d6748,P__Proteobacteria,C__Alphaproteobacteria,O__Sphingomonadales,F__Sphingomonadaceae,G__Sphingomonas,,GTAGTCCACGCCGTAAACGATGATAACTAGCTGTCCGGGGACTTGGTCTTTGGGTGGCGCAGCTAACGCATTAAGTTATCCGCCTGGGGAGTACGGCCGCAAGGTTAAAACTCAAATGAATTGACGGGGGCCTGCACAAGCGGTGGAGCATGTGGTTTAATTCGAAGCAACGCGCAGAACCTTACCAGCGTTTGACATGTCCGGACGATTTCCAGAGATGGATCTCTTCCCTTCGGGGACTGGAACACAGGTGCTGCATGGCTGTCGTCAGCTCGTGTCGTGAGATGTTGGGTTAAGTCCCGCAACGAGCGCAACCCTCGTGTTTAGTTGCCACCGTTGAGTTTGGAACCCTGAACAGACTGCCGGTGATAAGCCGGA,Depleted,C__Alphaproteobacteria,G__Sphingomonas
22,OTU16,0.0389,0.0182631578947368,-1.08562167280358,14.9070437236872,5.47891742942785,0.0192471754793594,0.0259684113610405,839bf834334fb7143362f526838e7647,P__Proteobacteria,C__Betaproteobacteria,O__Burkholderiales,F__Comamonadaceae,,,GTAGTCCATGCCGTAAACGATGAGTGTTCGCCCTTGGTCTACGCAGATCAGGGGCTCAGCTAACGCGTGAAACACTCCGCCTGGGGAGTACGGTCGCAAGACCGAAACTCAAAGGAATTGACGGGGACCCGCACAAGCGGTGGATGATGTGGTTTAATTCGATGCAACGCGAAAAACCTTACCCACCTTTGACATGGCAGGAACTTACCAGAGATGGTTTGGTGCTCGAAAGAGAACCTGCACACAGGTGCTGCATGGCTGTCGTCAGCTCGTGTCGTGAGATGTTGGGTTAAGTCCCGCAACGAGCGCAACCCTTGCCATTAGTTGCTACATTCAGTTGAGCACTCTAATGGGACTGCCGGTGACAAACCGGA,Depleted,C__Betaproteobacteria,F__Comamonadaceae
23,OTU166,0.00355,0.000105263157894737,-3.99638874644762,11.9130275358362,4.64984610352487,0.0310563316409026,0.0380347996321479,a01d87574d092329db1e24b26525e218,P__Actinobacteria,C__Actinobacteria,O__Actinomycetales,F__Nocardiaceae,G__Rhodococcus,,GTAGTCCACGCCGTAAACGGTGGGCGCTAGGTGTGGGTTCCTTTCACGGAATCCGTGCCGTAGCTAACGCATTAAGCGCCCCGCCTGGGGAGTACGGCCGCAAGGCTAAAACTCAAAGGAATTGACGGGGGCCCGCACAAGCGGCGGAGCATGTGGATTAATTCGATGCAACGCGAAGAACCTTACCTGGGTTTGACATATACCGGAAAGCTGCAGAGATGTGGCCCCCCTTGTGGTCGGTATACAGGTGGTGCATGGCTGTCGTCAGCTCGTGTCGTGAGATGTTGGGTTAAGTCCCGCAACGAGCGCAACCCCTATCTTATGTTGCCAGCACGTTATGGTGGGGACTCGTAAGAGACTGCCGGGGTCAACTCGGA,Depleted,P__Actinobacteria,G__Rhodococcus
24,OTU17,0.0252,0.005,-2.30493835929569,14.0776348200862,10.1540171836671,0.00143987137287355,0.00403718531714589,021c5b891400b6d9b57112db2890f06c,P__Bacteroidetes,C__Flavobacteriia,O__Flavobacteriales,F__[Weeksellaceae],G__Chryseobacterium,,GTAGTCCACGCTGTAAACGATGCTAACTCGTTTTTGGGTTTTCGGATTCAGAGACTAAGCGAAAGTGATAAGTTAGCCACCTGGGGAGTACGAACGCAAGTTTGAAACTCAAAGGAATTGACGGGGGCCCGCACAAGCGGTGGATTATGTGGTTTAATTCGATGATACGCGAGGAACCTTACCAAGGCTTAAATGGGAATTGATCGGTTTAGAAATAGACCTTCCTTCGGGCAATTTTCAAGGTGCTGCATGGTTGTCGTCAGCTCGTGCCGTGAGGTGTTAGGTTAAGTCCTGCAACGAGCGCAACCCCTGTTACTAGTTGCTACCATTAAGTTGAGGACTCTAGTAAGACTGCCTACGCAAGTAGAGA,Depleted,P__Bacteroidetes,G__Chryseobacterium
25,OTU180,3e-04,0.00147368421052632,1.91135024379922,11.4819777185688,3.33387522133184,0.0678667944598211,0.0759036516984841,1d6fc7272be710b3d294cb0be16c4d45,P__Proteobacteria,C__Betaproteobacteria,O__Burkholderiales,F__Comamonadaceae,,,GTAGTCCACGCCCTAAACGATGTCAACTGGTTGTTGGGTCTTAACTGACTCAGTAACGAAGCTAACGCGTGAAGTTGACCGCCTGGGGAGTACGGCCGCAAGGTTGAAACTCAAAGGAATTGACGGGGACCCGCACAAGCGGTGGATGATGTGGTTTAATTCGATGCAACGCGAAAAACCTTACCCACCTTTGACATGGCAGGAACTTACCAGAGATGGTTTGGTGCTCGAAAGAGAACCTGCACACAGGTGCTGCATGGCTGTCGTCAGCTCGTGTCGTGAGATGTTGGGTTAAGTCCCGCAACGAGCGCAACCCTCGTCCTTAGTTGCCAGCATTTAGTTGGGCACTCTAAGGAAACTGCCGGTGATAAGCCGGA,NS,C__Betaproteobacteria,
26,OTU186,0.00055,0,-2.43295940727611,11.1503562274776,5.35398578372135,0.0206749560546582,0.0274589260100929,0535730b28336b0d51d48b74dbd8bad4,P__Firmicutes,C__Bacilli,O__Bacillales,F__Paenibacillaceae,G__Paenibacillus,S__chondroitinus,GTAGTCCACGCCGTAAACGATGCATACTAGGTGTTGGGGATTCGATTCCTCGGTGCCGAAGTTAACACAGTAAGTATGCCGCCTGGGGAGTACGCTCGCAAGAGTGAAACTCAAAGGAATTGACGGGGACCCGCACAAGCAGTGGAGTATGTGGTTTAATTCGAAGCAACGCGAAGAACCTTACCAGGTCTTGACATCCCTCTGAATATCCTAGAGATAGGATAGGCCTTCGGGACAGAGGAGACAGGTGGTGCATGGTTGTCGTCAGCTCGTGTCGTGAGATGTTGGGTTAAGTCCCGCAACGAGCGCAACCCTTGATCTTAGTTGCCAGCACTTCGGGTGGGCACTCTAAGATGACTGCCGGTGACAAACCGGA,Depleted,P__Firmicutes,G__Paenibacillus
27,OTU19,0.0066,0.000105263157894737,-4.86817876416788,12.4025432510744,27.3743802677007,1.67637521240006e-07,1.09609148503081e-06,ea2c8db448e24f54503687097adbc0bc,P__Firmicutes,C__Bacilli,O__Bacillales,F__Paenibacillaceae,G__Paenibacillus,,GTAGTCCACGCCGTAAACGATGAATGCTAGGTGTTAGGGGTTTCGATACCCTTGGTGCCGAAGTTAACACATTAAGCATTCCGCCTGGGGAGTACGCTCGCAAGAGTGAAACTCAAAGGAATTGACGGGGACCCGCACAAGCAGTGGAGTATGTGGTTTAATTCGAAGCAACGCGAAGAACCTTACCAGCTCTTGACATCCCTCTGAATGCATTGGAGACAGTGCAGGCCTTCGGGACAGAGGAGACAGGTGGTGCATGGTTGTCGTCAGCTCGTGTCGTGAGATGTTGGGTTAAGTCCCGCAACGAGCGCAACCCTTGATCTTAGTTGCCAGCACTTCGGGTGGGCACTCTAAGGTGACTGCCGGTGACAAACCGGA,Depleted,P__Firmicutes,G__Paenibacillus
28,OTU190,0.0023,0,-4.27798474729977,11.628819106898,9.18424555197693,0.00244107131870283,0.00546029110762475,8eca0c5eb9e5820b00b5ce57cc26825b,P__Firmicutes,C__Bacilli,O__Bacillales,F__Bacillaceae,G__Bacillus,,GTAGTCCACGCCGTAAACGATGAGTGCTAAGTGTTAGGGGGTTTCCGCCCCTTAGTGCTGCAGCTAACGCATTAAGCACTCCGCCTGGGGAGTACGGCCGCAAGGCTGAAACTCAAAGGAATTGACGGGGGCCCGCACAAGCGGTGGAGCATGTGGTTTAATTCGAAGCAACGCGAAGAACCTTACCAGGTCTTGACATCCTCTGACACTCCTAGAGATAGGACGTTCCCCTTCGGGGGACAGAGTGACAGGTGGTGCATGGTTGTCGTCAGCTCGTGTCGTGAGATGTTGGGTTAAGTCCCGCAACGAGCGCAACCCTTGATCTTAGTTGCCAGCATTCAGTTGGGCACTCTAAGGTGACTGCCGGTGACAAACCGGA,Depleted,P__Firmicutes,G__Bacillus
29,OTU201,0.00065,0,-2.63226821549951,11.1824174367098,5.66390119779307,0.0173175620319705,0.0237836815455936,8f471c55d57cd57a6ff2d86b43be19b4,P__Firmicutes,C__Bacilli,O__Bacillales,F__Bacillaceae,G__Bacillus,,GTAGTCCACGCCGTAAACGATGAGTGCTAAGTGTTAGAGGGTTTCCGCCCTTTAGTGCTGCAGCTAACGCATTAAGCACTCCGCCTGGGGAGTACGGCCGCAAGGCTGAAACTCAAAGGAATTGACGGGGGCCCGCACAAGCGGTGGAGCATGTGGTTTAATTCGAAGCAACGCGAAGAACCTTACCAGGTCTTGACATCCTCTGACAATCCTAGAGATAGGACGTTCCCCTTCGGGGGACAGAGTGACAGGTGGTGCATGGTTGTCGTCAGCTCGTGTCGTGAGATGTTGGGTTAAGTCCCGCAACGAGCGCAACCCTTGATCTTAGTTGCCAGCATTCAGTTGGGCACTCTAAGGTGACTGCCGGTGACAAACCGGA,Depleted,P__Firmicutes,G__Bacillus
30,OTU204,7e-04,0.000105263157894737,-1.84111052096971,11.2292116481888,2.99444340637373,0.0835506188152649,0.0910487512730451,c750c63fa0f2e9cebf569cd30cb2a2e1,P__Proteobacteria,C__Alphaproteobacteria,O__Sphingomonadales,F__Sphingomonadaceae,G__Sphingomonas,,GTAGTCCACGCCGTAAACGATGATAACTAGCTGTCCGGGGACTTGGTCTTTGGGTGGCGCAGCTAACGCATTAAGTTATCCGCCTGGGGAGTACGGCCGCAAGGTTAAAACTCAAATGAATTGACGGGGGCCTGCACAAGCGGTGGAGCATGTGGTTTAATTCGAAGCAACGCGCAGAACCTTACCAGCGTTTGACATGTCCGGACGATTTCCAGAGATGGATCTCTTCCCTTCGGGGACTGGAACACAGGTGCTGCATGGCTGTCGTCAGCTCGTGTCGTGAGATGTTGGGTTAAGTCCCGCAACGAGCGCAACCCTTGCCATTAGTTGCTACATTCAGTTGAGCACTCTAATGGGACTGCCGGTGACAAACCGGA,NS,C__Alphaproteobacteria,
31,OTU223,0.00175,0,-3.90689059560852,11.4948017589263,6.07746994700797,0.0136916724031718,0.0206149489741728,539056817cec978078fb05a80afc202e,P__Firmicutes,C__Bacilli,O__Lactobacillales,F__Streptococcaceae,G__Streptococcus,,GTAGTCCACGCCGTAAACGATGAGTGCTAGGTGTTGGATCCTTTCCGGGATTCAGTGCCGCAGCTAACGCATTAAGCACTCCGCCTGGGGAGTACGACCGCAAGGTTGAAACTCAAAGGAATTGACGGGGGCCCGCACAAGCGGTGGAGCATGTGGTTTAATTCGAAGCAACGCGAAGAACCTTACCAGGTCTTGACATCCCGATGCTATTTCTAGAGATAGAAAGTTACTTCGGTACATCGGTGACAGGTGGTGCATGGTTGTCGTCAGCTCGTGTCGTGAGATGTTGGGTTAAGTCCCGCAACGAGCGCAACCCCTATTGTTAGTTGCCATCATTCAGTTGGGCACTCTAGCGAGACTGCCGGTAATAAACCGGA,Depleted,P__Firmicutes,G__Streptococcus
32,OTU224,0.00055,0,-2.43295940727611,11.1503562274776,6.06046317657169,0.0138241422532688,0.0206149489741728,55d811f80505a02e78c0c9b59067a6bb,P__Firmicutes,C__Bacilli,O__Bacillales,F__Paenibacillaceae,G__Paenibacillus,S__chondroitinus,GTAGTCCACGCCGTAAACGATGCATACTAGGTGTTGGGGATTCGATTCCTCGGTGCCGAAGTTAACACAGTAAGTATGCCGCCTGGGGAGTACGCTCGCAAGAGTGAAACTCAAAGGAATTGACGGGGACCCGCACAAGCAGTGGAGTATGTGGTTTAATTCGAAGCAACGCGAAGAACCTTACCAGGTCTTGACATCCCTCTGCAAGCTCTAGAGATAGAGCCCTCCTTCGGGACAGAGGAGACAGGTGGTGCATGGTTGTCGTCAGCTCGTGTCGTGAGATGTTGGGTTAAGTCCCGCAACGAGCGCAACCCTTGATCTTAGTTGCCAGCATTTCGGATGGGCACTCTAAGATGACTGCCGGTGACAAACCGGA,Depleted,P__Firmicutes,G__Paenibacillus
33,OTU227,8e-04,0,-2.88752527074159,11.2292116481888,5.94427574210979,0.0147651569390067,0.0212718362680605,821e5851537ea928f3dfd579df73a2f6,P__Firmicutes,C__Bacilli,O__Bacillales,F__Paenibacillaceae,G__Paenibacillus,,GTAGTCCACGCCGTAAACGATGAATGCTAGGTGTTAGGGGTTTCGATACCCTTGGTGCCGAAGTTAACACATTAAGCATTCCGCCTGGGGAGTACGGTCGCAAGACTGAAACTCAAAGGAATTGACGGGGACCCGCACAAGCAGTGGAGTATGTGGTTTAATTCGAAGCAACGCGAAGAACCTTACCAGGTCTTGACATCCCAATGCAAGCATTAGAGATAGTGCCCTTCTTCGGAACATTGGAGACAGGTGGTGCATGGTTGTCGTCAGCTCGTGTCGTGAGATGTTGGGTTAAGTCCCGCAACGAGCGCAACCCTTGATCTTAGTTGCCAGCACTTTGGGTGGGCACTCTAGGATGACTGCCGGTGACAAACCGGA,Depleted,P__Firmicutes,G__Paenibacillus
34,OTU23,0.02395,0.000526315789473684,-5.20803478632007,13.8218277214534,46.8073974189342,7.83172288890823e-12,1.664241113893e-10,546079ea875543124ffe67211d09275e,P__Firmicutes,C__Bacilli,O__Bacillales,F__Paenibacillaceae,G__Paenibacillus,S__chondroitinus,GTAGTCCACGCCGTAAACGATGCATACTAGGTGTTGGGGATTCGATTCCTCGGTGCCGAAGTTAACACAGTAAGTATGCCGCCTGGGGAGTACGCTCGCAAGAGTGAAACTCAAAGGAATTGACGGGGACCCGCACAAGCAGTGGAGTATGTGGTTTAATTCGAAGCAACGCGAAGAACCTTACCAGGTCTTGACATCCCTCTGAATATCCTAGAGATAGGGTAGGCCTTCGGGACAGAGGAGACAGGTGGTGCATGGTTGTCGTCAGCTCGTGTCGTGAGATGTTGGGTTAAGTCCCGCAACGAGCGCAACCCTTGATCTTAGTTGCCAGCACTTTGGGTGGGCACTCTAAGATGACTGCCGGTGACAAACCGGA,Depleted,P__Firmicutes,G__Paenibacillus
35,OTU245,0,0.000578947368421053,2.49353947295756,11.1503562274776,8.42306353209255,0.0037049101700981,0.00749803248710331,563703affc09ec577f214192f5c7adaf,P__Proteobacteria,C__Alphaproteobacteria,O__Sphingomonadales,F__Sphingomonadaceae,G__Novosphingobium,S__resinovorum,GTAGTCCACGCCGTAAACGATGATAACTAGCTGTCCGGGTACTTGGTATTTGGGTGGCGCAGCTAACGCATTAAGTTATCCGCCTGGGGAGTACGGTCGCAAGATTAAAACTCAAAGGAATTGACGGGGGCCTGCACAAGCGGTGGAGCATGTGGTTTAATTCGAAGCAACGCGCAGAACCTTACCAGCGTTTGACATCCTCATCGCGGATTAGAGAGATCTTTTCCTTCAGTTCGGCTGGATGAGTGACAGGTGCTGCATGGCTGTCGTCAGCTCGTGTCGTGAGATGTTGGGTTAAGTCCCGCAACGAGCGCAACCCTTGCCATTAGTTGCTACATTCAGTTGAGCACTCTAATGGGACTGCCGGTGACAAACCGGA,Enriched,C__Alphaproteobacteria,G__Novosphingobium
36,OTU251,0.0019,0,-4.01792190799726,11.5326037916387,6.21136424217907,0.0126932771249985,0.0199801584374976,9e045a0a8c4ddd4392e649feb60570d4,P__Firmicutes,C__Bacilli,O__Lactobacillales,F__Streptococcaceae,G__Streptococcus,,GTAGTCCACGCTGTAAACGATGAGTGCTAGGTGTTAGACCCTTTCCGGGGTTTAGTGCCGTAGCTAACGCATTAAGCACTCCGCCTGGGGAGTACGACCGCAAGGTTGAAACTCAAAGGAATTGACGGGGGCCCGCACAAGCGGTGGAGCATGTGGTTTAATTCGAAGCAACGCGAAGAACCTTACCAGGTCTTGACATCCCTCTGACCGCTCTAGAGATAGAGTTTTCCTTCGGGACAGAGGTGACAGGTGGTGCATGGTTGTCGTCAGCTCGTGTCGTGAGATGTTGGGTTAAGTCCCGCAACGAGCGCAACCCCTATTGTTAGTTGCCATCATTTAGTTGGGCACTCTAGCGAGACTGCCGGTAATAAACCGGA,Depleted,P__Firmicutes,G__Streptococcus
37,OTU252,0.0011,0,-3.29278174922785,11.3184789862859,7.60004299947285,0.00583669088173141,0.0107851896727646,ed308d85d8443a47e416b4d3cc81e100,P__Firmicutes,C__Bacilli,O__Bacillales,F__Paenibacillaceae,G__Paenibacillus,,GTAGTCCACGCCGTAAACGATGAATGCTAGGTGTTAGGGGTTTCGATACCCTTGGTGCCGAAGTTAACACATTAAGCATTCCGCCTGGGGAGTACGGTCGCAAGACTGAAACTCAAAGGAATTGACGGGGACCCGCACAAGCAGTGGAGTATGTGGTTTAATTCGAAGCAACGCGAAGAACCTTACCAGGTCTTGACATCCCTCTGATCGTCCTAGAGATAGGGCTTTCCTTCGGGACAGAGGAGACAGGTGGTGCATGGTTGTCGTCAGCTCGTGTCGTGAGATGTTGGGTTAAGTCCCGCAACGAGCGCAACCCTTGATCTTAGTTGCCAGCACTTCGGGTGGGCACTCTAGGATGACTGCCGGTGACAAACCGGA,Depleted,P__Firmicutes,G__Paenibacillus
38,OTU257,0,0.00136842105263158,3.57862097384733,11.3750625146522,17.6516236509369,2.65288708494498e-05,0.000125275223455735,99553aa2914f2bb23254a9b0c7908b66,P__Proteobacteria,C__Betaproteobacteria,,,,,GTAGTCCACGCCGTAAACGATGATAACTAGCTGTCCGGGTACTTGGTATTTGGGTGGCGCAGCTAACGCATTAAGTTATCCGCCTGGGGAGTACGGTCGCAAGATTAAAACTCAAAGGAATTGACGGGGACCCGCACAAGCGGTGGATGATGTGGTTTAATTCGATGCAACGCGAAAAACCTTACCCACCTTTGACATGGCAGGAACTTACCAGAGATGGTTTGGTGCTCGAAAGAGAACCTGCACACAGGTGCTGCATGGCTGTCGTCAGCTCGTGTCGTGAGATGTTGGGTTAAGTCCCGCAACGAGCGCAACCCTTGCCATTAGTTGCTACATTCAGTTGAGCACTCTAATGGGACTGCCGGTGACAAACCGGA,Enriched,C__Betaproteobacteria,C__Betaproteobacteria
39,OTU262,0.00105,0,-3.23266075679028,11.3039794165908,10.0712069215056,0.00150604345707587,0.00403718531714589,a32e23b670ad729e6334a70e9fc20435,P__Firmicutes,C__Bacilli,O__Bacillales,F__Paenibacillaceae,G__Brevibacillus,,GTAGTCCACGCCGTAAACGATGAGTGCTAGGTGTTGGGGGTTTCAATACCCTCAGTGCCGCAGCTAACGCAATAAGCACTCCGCCTGGGGAGTACGCTCGCAAGAGTGAAACTCAAAGGAATTGACGGGGGCCCGCACAAGCGGTGGAGCATGTGGTTTAATTCGAAGCAACGCGAAGAACCTTACCAGGTCTTGACATCCCGCTGACCGCTCTGGAGACAGAGCTTCCCTTCGGGGCAGCGGTGACAGGTGGTGCATGGTTGTCGTCAGCTCGTGTCGTGAGATGTTGGGTTAAGTCCCGCAACGAGCGCAACCCTTATCTTTAGTTGCCAGCATTCAGTTGGGCACTCTAGAGAGACTGCCGTCGACAAGACGGA,Depleted,P__Firmicutes,G__Brevibacillus
40,OTU271,0.00055,0,-2.43295940727611,11.1503562274776,5.27880205856633,0.0215865951958985,0.0282286244869442,d2769224b4e457d907859d67a43c280d,P__Firmicutes,C__Bacilli,O__Bacillales,F__Paenibacillaceae,G__Paenibacillus,,GTAGTCCACGCCGTAAACGATGAATGCTAGGTGTTAGGGGTTTCGATACCCTTGGTGCCGAAGTTAACACATTAAGCATTCCGCCTGGGGAGTACGCTCGCAAGAGTGAAACTCAAAGGAATTGACGGGGACCCGCACAAGCAGTGGAGTATGTGGTTTAATTCGAAGCAACGCGAAGAACCTTACCAGCTCTTGACATCCCTCTGAATGCATTGGAGACAGTGCAGGCCTTCGGGACGGAGGAGACAGGTGGTGCATGGTTGTCGTCAGCTCGTGTCGTGAGATGTTGGGTTAAGTCCCGCAACGAGCGCAACCCTTGATCTTAGTTGCCAGCACTTCGGGTGGGCACTCTAAGGTGACTGCCGGTGACAAACCGGA,Depleted,P__Firmicutes,G__Paenibacillus
41,OTU28,0.014,0.00257894736842105,-2.38511189217709,13.3435077807774,14.7219419762173,0.000124587901607714,0.000504284363650273,b699b8402c2d6c82990ce6f41e3150cc,P__Proteobacteria,C__Betaproteobacteria,O__Burkholderiales,F__Comamonadaceae,G__Variovorax,S__paradoxus,GTAGTCCACGCCCTAAACGATGTCAACTGGTTGTTGGGAATTCACTTTCTCAGTAACGAAGCTAACGCGTGAAGTTGACCGCCTGGGGAGTACGGCCGCAAGGTTGAAACTCAAAGGAATTGACGGGGACCCGCACAAGCGGTGGATGATGTGGTTTAATTCGATGCAACGCGAAAAACCTTACCCACCTTTGACATGTACGGAATTCGCCAGAGATGGCTTAGTGCTCGAAAGAGAACCGTAACACAGGTGCTGCATGGCTGTCGTCAGCTCGTGTCGTGAGATGTTGGGTTAAGTCCCGCAACGAGCGCAACCCTTGTCATTAGTTGCTACATTTAGTTGGGCACTCTAATGAGACTGCCGGTGACAAACCGGA,Depleted,C__Betaproteobacteria,G__Variovorax
42,OTU280,0,0.000736842105263158,2.78549548809386,11.1981847525682,7.861749098844,0.00504915247994072,0.0095372880176658,60b5071665f6725f3cf23c3e455c4e64,P__Proteobacteria,C__Betaproteobacteria,O__Burkholderiales,F__Comamonadaceae,G__Comamonas,,GTAGTCCACGCCCTAAACGATGTCAACTGGTTGTTGGGTCTTAACTGACTCAGTAACAAAGCTAACGCGTGAAGTTGACCGCCTGGGGAGTACGGCCGCAAGGTTGAAACTCAAAGGAATTGACGGGGACCCGCACAAGCGGTGGATGATGTGGTTTAATTCGATGCAACGCGAAAAACCTTACCCACCTTTGACATGGCAGGAACTTACCAGAGATGGTTTGGTGCTCGAAAGAGAACCTGCACACAGGTGCTGCATGGCTGTCGTCAGCTCGTGTCGTGAGATGTTGGGTTAAGTCCCGCAACGAGCGCAACCCTTGCCATTAGTTGCTACATTCAGTTGAGCACTCTAATGGGACTGCCGGTGACAAACCGGA,Enriched,C__Betaproteobacteria,G__Comamonas
43,OTU284,8e-04,0,-2.88752527074159,11.2292116481888,5.99203160217838,0.0143706421587403,0.0210604238533263,a2b3ed334045e7d45931ea774132695b,P__Firmicutes,C__Bacilli,O__Bacillales,F__Paenibacillaceae,G__Paenibacillus,,GTAGTCCACGCCGTAAACGATGAATGCTAGGTGTTAGGGGTTTCGATACCCTTGGTGCCGAAGTTAACACATTAAGCATTCCGCCTGGGGAGTACGGTCGCAAGACTGAAACTCAAAGGAATTGACGGGGACCCGCACAAGCAGTGGAGTATGTGGTTTAATTCGAAGCAACGCGAAGAACCTTACCAGGTCTTGACATCCCTCTGAATCCACTAGAGATAGTGGCGGCCTTCGGGACAGAGGAGACAGGTGGTGCATGGTTGTCGTCAGCTCGTGTCGTGAGATGTTGGGTTAAGTCCCGCAACGAGCGCAACCCTTGATCTTAGTTGCCAGCATTTCGGATGGGCACTCTAGGATGACTGCCGGTGACAAACCGGA,Depleted,P__Firmicutes,G__Paenibacillus
44,OTU29,0.0067,0,-5.77082904603249,12.4025432510744,9.05634985472821,0.0026178406427061,0.00556291136575046,fe8efd6e1ccd96ad2b6e6e0d7aaf0f6d,P__Proteobacteria,C__Gammaproteobacteria,O__Enterobacteriales,F__Enterobacteriaceae,,,GTAGTCCACGCCGTAAACGATGTCGACTTGGAGGTTGTGCCCTTGAGGCGTGGCTTCCGGAGCTAACGCGTTAAGTCGACCGCCTGGGGAGTACGGCCGCAAGGTTAAAACTCAAATGAATTGACGGGGGCCCGCACAAGCGGTGGAGCATGTGGTTTAATTCGATGCAACGCGAAGAACCTTACCTGGTCTTGACATCCACAGAACTTTCCAGAGATGGATTGGTGCCTTCGGGAACTGTGAGACAGGTGCTGCATGGCTGTCGTCAGCTCGTGTTGTGAAATGTTGGGTTAAGTCCCGCAACGAGCGCAACCCTTATCCTTTGTTGCCAGCGGTCCGGCCGGGAACTCAAAGGAGACTGCCAGTGATAAACTGGA,Depleted,C__Gammaproteobacteria,F__Enterobacteriaceae
45,OTU297,9e-04,0,-3.03562390973072,11.2595852972323,9.57100023827818,0.00197675052039036,0.00454118362792379,29b182d478b106e8cde45985ec456d8a,P__Proteobacteria,C__Alphaproteobacteria,O__Rhizobiales,,,,GTAGTCCATGCCGTAAACGATGAGTGTTCGCCCTTGGTCTACGCAGATCAGGGGCTCAGCTAACGCGTGAAACACTCCGCCTGGGGAGTACGGTCGCAAGACCGAAACTCAAAGGAATTGACGGGGGCCCGCACAAGCGGTGGAGCATGTGGTTTAATTCGAAGCAACGCGCAGAACCTTACCAGCTTTTGACATGTCCGGTTTGATCGGCAGAGATGCCTTTCTTCAGTTCGGCTGGCCGGAACACAGGTGCTGCATGGCTGTCGTCAGCTCGTGTCGTGAGATGTTGGGTTAAGTCCCGCAACGAGCGCAACCCTCGCCCCTAGTTGCCATCATTCAGTTGGGAACTCTAGGGGGACTGCCGGTGATAAGCCGCGA,Depleted,C__Alphaproteobacteria,O__Rhizobiales
46,OTU3,0.0228,0.0733157894736842,1.67965983369565,15.5867636528069,8.24728441506689,0.00408130125088598,0.00806768851919321,517bae36c3f249b7261904488361268b,P__Proteobacteria,C__Betaproteobacteria,O__Burkholderiales,F__Alcaligenaceae,,,GTAGTCCACGCCCTAAACGATGTCAACTAGCTGTTGGGGCCTTCGGGCCTTGGTAGCGCAGCTAACGCGTGAAGTTGACCGCCTGGGGAGTACGGTCGCAAGATTAAAACTCAAAGGAATTGACGGGGACCCGCACAAGCGGTGGATGATGTGGATTAATTCGATGCAACGCGAAAAACCTTACCTACCCTTGACATGTCTGGAATGCCGAAGAGATTTGGCAGTGCTCGCAAGAGAACCGGAACACAGGTGCTGCATGGCTGTCGTCAGCTCGTGTCGTGAGATGTTGGGTTAAGTCCCGCAACGAGCGCAACCCTTGTCATTAGTTGCTACGAAAGGGCACTCTAATGAGACTGCCGGTGACAAACCGGA,Enriched,C__Betaproteobacteria,F__Alcaligenaceae
47,OTU302,7e-04,0,-2.72246602447109,11.1981847525682,8.04910054760668,0.00455262520939279,0.0087948441545088,cb990b221587bea4995c2c9aea81e5f6,P__Firmicutes,C__Bacilli,O__Bacillales,F__Bacillaceae,G__Bacillus,,GTAGTCCACGCCGTAAACGATGAGTGCTAAGTGTTAGAGGGTTTCCGCCCTTTAGTGCTGCAGCTAACGCATTAAGCACTCCGCCTGGGGAGTACGGCCGCAAGGCTGAAACTCAAAGGAATTGACGGGGGCCCGCACAAGCGGTGGAGCATGTGGTTTAATTCGAAGCAACGCGAAGAACCTTACCAGGTCTTGACATCCTCTGACCTCCCTAGAGATAGGGCCTTCCCCTTCGGGGGACAGAGTGACAGGTGGTGCATGGTTGTCGTCAGCTCGTGTCGTGAGATGTTGGGTTAAGTCCCGCAACGAGCGCAACCCTTGACCTTAGTTGCCAGCATTCAGTTGGGCACTCTAAGGTGACTGCCGGTGACAAACCGGA,Depleted,P__Firmicutes,G__Bacillus
48,OTU31,0.00885,5.26315789473684e-05,-5.65895195021581,12.6746227965112,39.5219331426494,3.24395407676387e-10,5.51472193049858e-09,e41170011f6c30398af8d54137ce74d7,P__Firmicutes,C__Bacilli,O__Bacillales,F__Paenibacillaceae,G__Paenibacillus,,GTAGTCCACGCCGTAAACGATGAATGCTAGGTGTTAGGGGTTTCGATACCCTTGGTGCCGAAGTTAACACATTAAGCATTCCGCCTGGGGAGTACGCTCGCAAGAGTGAAACTCAAAGGAATTGACGGGGACCCGCACAAGCAGTGGAGTATGTGGTTTAATTCGAAGCAACGCGAAGAACCTTACCAGCTCTTGACATCCCTCTGAATGCATTGGAGACAGTGCAGGCCTTCGGGACAGAGGAGACAGGTGGTGCATGGTTGTCGTCAGCTCGTGTCGTGAGATGTTGGGTTAAGTCCCGCAACGAGCGCAACCCTTGATCTTAGTTGCCAGCAGGTAAGGCTGGGCACTCTAAGGTGACTGCCGGTGACAAACCGGA,Depleted,P__Firmicutes,G__Paenibacillus
49,OTU310,1e-04,0.000631578947368421,1.74956563094584,11.1981847525682,3.26761855436272,0.0706601281640012,0.0780014401810403,088922c4ad6f3b5c8afcedf3d7da3311,P__Proteobacteria,C__Alphaproteobacteria,O__Sphingomonadales,F__Sphingomonadaceae,G__Novosphingobium,,GTAGTCCACGCCGTAAACGATGATAACTAGCTGTCCGGGCACTTGGTGCTTGGGTGGCGCAGCTAACGCATTAAGTTATCCGCCTGGGGAGTACGGTCGCAAGATTAAAACTCAAAGGAATTGACGGGGGCCTGCACAAGCGGTGGAGCATGTGGTTTAATTCGAAGCAACGCGCAGAACCTTACCAGCGTTTGACATCCTCATCGCGGATTAGAGAGATCTTTTCCTTCAGTTCGGCTGGATGAGTGACAGGTGCTGCATGGCTGTCGTCAGCTCGTGTCGTGAGATGTTGGGTTAAGTCCCGCAACGAGCGCAACCCTTGCCATTAGTTGCTACATTCAGTTGAGCACTCTAATGGGACTGCCGGTGACAAACCGGA,NS,C__Alphaproteobacteria,
50,OTU315,0.00075,0.000157894736842105,-1.62901768079909,11.2595852972323,1.61699818340069,0.20351085655832,0.213560775400706,763e804db4fbc6b7a0f25bbf2c3f9bba,P__Chlamydiae,C__Chlamydiia,O__Chlamydiales,,,,GTAGTCCTTGCCGTAAACGATGTGTACTTGATGTATTCGGTCTCAACCCCGAATGTGTCGTAGCTAACGCGATAAGTACACCGCCTGGGGAGTACGCCCGCAAGGGTGAAACTCAAAAGAATTGACGGGGACCCGCACAAGCAGTGGAGCATGTGGTTTAATTCGATGCAACGCGAAGAACCTTACCCAGACTTGACATGTAGAGGGATAGCCTAGAGATAGGCTAGTCCGCAAGGACTTCTACACAGGTGCTGCATGGCTGTCGTCAGCTCGTGCCGTGAGGTGTTGGGTTAAGTCCCGCAACGAGCGCAACCCTTATTGTTAGTTGCCAACAGGTAGTGCTGGGAACTCTAACGAGACTGCCCGGGTTAACCGGGA,NS,P__Others,
51,OTU32,0.02295,0.0115263157894737,-0.985837759450083,14.2368652207322,4.6108520256439,0.0317702443986177,0.0380347996321479,52c970bc184adb177ecc902cb6f19d1e,P__Proteobacteria,C__Betaproteobacteria,O__Burkholderiales,F__Comamonadaceae,,,GTAGTCCATGCCGTAAACGATGAGTGTTCGCCCTTGGTCTACGCAGATCAGGGGCTCAGCTAACGCGTGAAACACTCCGCCTGGGGAGTACGGTCGCAAGACCGAAACTCAAAGGAATTGACGGGGGCCTGCACAAGCGGTGGAGCATGTGGTTTAATTCGATGCAACGCGAAAAACCTTACCCACCTTTGACATGGCAGGAACTTACCAGAGATGGTTTGGTGCTCGAAAGAGAACCTGCACACAGGTGCTGCATGGCTGTCGTCAGCTCGTGTCGTGAGATGTTGGGTTAAGTCCCGCAACGAGCGCAACCCTTGCCATTAGTTGCTACATTCAGTTGAGCACTCTAATGGGACTGCCGGTGACAAACCGGA,Depleted,C__Betaproteobacteria,F__Comamonadaceae
52,OTU322,0.00105,0,-3.23266075679028,11.3039794165908,7.44683555792004,0.00635480767770676,0.0114927372894697,14298577c47ffe38760568847c931ef3,P__Firmicutes,C__Bacilli,O__Bacillales,F__Paenibacillaceae,G__Paenibacillus,,GTAGTCCACGCCGTAAACGATGAATGCTAGGTGTTAGGGGTTTCGATACCCTTGGTGCCGAAGTTAACACATTAAGCATTCCGCCTGGGGAGTACGGTCGCAAGACTGAAACTCAAAGGAATTGACGGGGACCCGCACAAGCAGTGGAGTATGTGGTTTAATTCGAAGCAACGCGAAGAACCTTACCAGGTCTTGACATCCCTCTGACCGACCTAGAGATAGGTCTTTCCTTCGGGACAGAGGAGACAGGTGGTGCATGGTTGTCGTCAGCTCGTGTCGTGAGATGTTGGGTTAAGTCCCGCAACGAGCGCAACCCTTGATCTTAGTTGCCAGCACTTTGGGTGGGCACTCTAGGATGACTGCCGGTGACAAACCGGA,Depleted,P__Firmicutes,G__Paenibacillus
53,OTU324,0,0.000789473684210526,2.87101355927992,11.2137816076192,10.5370350454083,0.00117005974761589,0.00353796365657495,59691149c5aa794b97ee49821e963983,P__Proteobacteria,C__Betaproteobacteria,,,,,GTAGTCCACGCCGTAAACGATGATAACTAGCTGTCCGGGCACTTGGTGCTTGGGTGGCGCAGCTAACGCATTAAGTTATCCGCCTGGGGAGTACGGTCGCAAGATTAAAACTCAAAGGAATTGACGGGGACCCGCACAAGCGGTGGATGATGTGGTTTAATTCGATGCAACGCGAAAAACCTTACCCACCTTTGACATGGCAGGAACTTACCAGAGATGGTTTGGTGCTCGAAAGAGAACCTGCACACAGGTGCTGCATGGCTGTCGTCAGCTCGTGTCGTGAGATGTTGGGTTAAGTCCCGCAACGAGCGCAACCCTTGCCATTAGTTGCTACATTCAGTTGAGCACTCTAATGGGACTGCCGGTGACAAACCGGA,Enriched,C__Betaproteobacteria,C__Betaproteobacteria
54,OTU325,8e-04,0.000157894736842105,-1.70918802948308,11.2745356386983,1.22073701759917,0.269216060509191,0.279065428576601,64217dba6e799682f3166d600c904b31,P__Firmicutes,C__Bacilli,O__Bacillales,F__Paenibacillaceae,G__Paenibacillus,,GTAGTCCACGCCGTAAACGATGAATGCTAGGTGTTAGGGGTTTCGATACCCTTGGTGCCGAAGTTAACACATTAAGCATTCCGCCTGGGGAGTACGGTCGCAAGACTGAAACTCAAAGGAATTGACGGGGACCCGCACAAGCAGTGGAGTATGTGGTTTAATTCGAAGCAACGCGAAGAACCTTACCAGGTCTTGACATCCCTCTGAAACCACTAGAGATAGTGGCGGCCTTCGGGACAGAGGAGACAGGTGGTGCATGGTTGTCGTCAGCTCGTGTCGTGAGATGTTGGGTTAAGTCCCGCAACGAGCGCAACCCTTGATCTTAGTTGCCAGCACTTTGGGTGGGCACTCTAGGATGACTGCCGGTGACAAACCGGA,NS,P__Firmicutes,
55,OTU33,0.00315,0,-4.71149490665009,11.8141741489099,8.71348967648799,0.00315863990316772,0.00654839979925015,0a44c375479c1ebe2c45a891e851d694,P__Proteobacteria,C__Gammaproteobacteria,O__Pseudomonadales,F__Pseudomonadaceae,G__Pseudomonas,,GTAGTCCACGCCGTAAACGATGTCAACTAGCCGTTGGAAGCCTTGAGCTTTTAGTGGCGCAGCTAACGCATTAAGTTGACCGCCTGGGGAGTACGGCCGCAAGGTTAAAACTCAAATGAATTGACGGGGGCCCGCACAAGCGGTGGAGCATGTGGTTTAATTCGAAGCAACGCGAAGAACCTTACCAGGCCTTGACATCCAATGAACTTTCTAGAGATAGATTGGTGCCTTCGGGAACATTGAGACAGGTGCTGCATGGCTGTCGTCAGCTCGTGTCGTGAGATGTTGGGTTAAGTCCCGTAACGAGCGCAACCCTTGTCCTTAGTTACCAGCACGTCATGGTGGGCACTCTAAGGAGACTGCCGGTGACAAACCGGA,Depleted,C__Gammaproteobacteria,G__Pseudomonas
56,OTU37,0.01735,0.000578947368421053,-4.63368107753051,13.4428071212881,35.0530310673829,3.20847152258334e-09,3.4090009927448e-08,181c311451b8a793fb64d0252f2fa73d,P__Firmicutes,C__Bacilli,O__Bacillales,F__Paenibacillaceae,G__Paenibacillus,S__chondroitinus,GTAGTCCACGCCGTAAACGATGCATACTAGGTGTTGGGGATTCGATTCCTCGGTGCCGAAGTTAACACAGTAAGTATGCCGCCTGGGGAGTACGCTCGCAAGAGTGAAACTCAAAGGAATTGACGGGGACCCGCACAAGCAGTGGAGTATGTGGTTTAATTCGAAGCAACGCGAAGAACCTTACCAGGTCTTGACATCCCGATGTAACACCTAGAGATAGGTGCCCTCTTCGGAGCATTGGAGACAGGTGGTGCATGGTTGTCGTCAGCTCGTGTCGTGAGATGTTGGGTTAAGTCCCGCAACGAGCGCAACCCTTGATCTTAGTTGCCAGCACTTCGGGTGGGCACTCTAAGATGACTGCCGGTGACAAACCGGA,Depleted,P__Firmicutes,G__Paenibacillus
57,OTU374,0.00055,0,-2.43295940727611,11.1503562274776,4.62526469915344,0.0315043998538499,0.0380347996321479,3650963f852dd7b35a47e61bf3df08e3,P__Firmicutes,C__Bacilli,O__Bacillales,F__Bacillaceae,G__Bacillus,,GTAGTCCACGCCGTAAACGATGAGTGCTAAGTGTTAGAGGGTTTCCGCCCTTTAGTGCTGCAGCTAACGCATTAAGCACTCCGCCTGGGGAGTACGACCGCAAGGTTGAAACTCAAAGGAATTGACGGGGGCCCGCACAAGCGGTGGAGCATGTGGTTTAATTCGAAGCAACGCGAAGAACCTTACCAGGTCTTGACATCCTCTGACACTCCTAGAGATAGGACGTTCCCCTTCGGGGGACAGAGTGACAGGTGGTGCATGGTTGTCGTCAGCTCGTGTCGTGAGATGTTGGGTTAAGTCCCGCAACGAGCGCAACCCTTGATCTTAGTTGCCAGCATTCAGTTGGGCACTCTAAGGTGACTGCCGGTGACAAACCGGA,Depleted,P__Firmicutes,G__Bacillus
58,OTU38,0.0211,0.000157894736842105,-6.22935540740716,13.6490373863167,57.8388440804071,2.84495880587616e-14,1.20910749249737e-12,3ec2d905423dccb0a86632a2cd1af873,P__Firmicutes,C__Bacilli,O__Bacillales,F__Paenibacillaceae,G__Paenibacillus,,GTAGTCCACGCCGTAAACGATGAATGCTAGGTGTTAGGGGTTTCGATACCCTTGGTGCCGAAGTTAACACATTAAGCATTCCGCCTGGGGAGTACGGTCGCAAGACTGAAACTCAAAGGAATTGACGGGGACCCGCACAAGCAGTGGAGTATGTGGTTTAATTCGAAGCAACGCGAAGAACCTTACCAGGTCTTGACATCCCTCTGACCGTCCTAGAGATAGGGCTTTCCTTCGGGACAGAGGAGACAGGTGGTGCATGGTTGTCGTCAGCTCGTGTCGTGAGATGTTGGGTTAAGTCCCGCAACGAGCGCAACCCTTGATCTTAGTTGCCAGCACTTTGGGTGGGCACTCTAGGATGACTGCCGGTGACAAACCGGA,Depleted,P__Firmicutes,G__Paenibacillus
59,OTU386,0,0.000947368421052632,3.10080064078749,11.2595852972323,6.75326334029568,0.00935763796353911,0.0155960632725652,9759b9bce55403037a8ec2577be259d7,P__Proteobacteria,C__Gammaproteobacteria,O__Xanthomonadales,F__Xanthomonadaceae,G__Stenotrophomonas,S__maltophilia,GTAGTCCACGCCCTAAACGATGCGAACTGGATGTTGGGTGCAATTTGGCACGCAGTATCGAAGCTAACGCGTTAAGTTCGCCGCCTGGGGAGTACGGTCGCAAGACTGAAACTCAAAGGAATTGACGGGGGCCCGCACAAGCGGTGGAGTATGTGGTTTAATTCGATGCAACGCGAAGAACCTTACCTGGTCTTGACATGTCGAGAACTTTCCAGAGATGGATTGGTGCCTTCGGGAACTCGAACACAGGTGCTGCATGGCTGTCGTCAGCTCGTGTCGTGAGATGTTGGGTTAAGTCCCGCAACGAGCGCACCCCTTGTCCTTAGTTGCCAGCACGTAATGGTGGGAACTCTAAGGAGACCGCCGGTGACAAACCGGA,Enriched,C__Gammaproteobacteria,G__Stenotrophomonas
60,OTU387,0.00065,0,-2.63226821549951,11.1824174367098,5.6608112383682,0.0173480971273742,0.0237836815455936,a3c3e9308d1ceef0ee85870a5dbe204c,P__Proteobacteria,C__Alphaproteobacteria,O__Rhizobiales,F__Methylobacteriaceae,,,GTAGTCCACGCCGTAAACGATGAATGCCAGCCGTTGGCCTGCTTGCAGGTCAGTGGCGCCGCTAACGCATTAAGCATTCCGCCTGGGGAGTACGGTCGCAAGATTAAAACTCAAAGGAATTGACGGGGGCCCGCACAAGCGGTGGAGCATGTGGTTTAATTCGAAGCAACGCGCAGAACCTTACCATCCCTTGACATGGCATGTTACCTCGAGAGATCGGGGATCCTCTTCGGAGGCGTGCACACAGGTGCTGCATGGCTGTCGTCAGCTCGTGTCGTGAGATGTTGGGTTAAGTCCCGCAACGAGCGCAACCCACGTCCTTAGTTGCCATCATTTAGTTGGGCACTCTAGGGAGACTGCCGGTGATAAGCCGCGA,Depleted,C__Alphaproteobacteria,F__Methylobacteriaceae
61,OTU40,0.01515,0.000315789473684211,-5.11493879791718,13.2708125526556,33.7345529351506,6.31686499061967e-09,5.96592804669635e-08,ba58895d117a35fc7565bfa3fa18e7bf,P__Firmicutes,C__Bacilli,O__Bacillales,F__Paenibacillaceae,G__Paenibacillus,,GTAGTCCACGCCGTAAACGATGAATGCTAGGTGTTAGGGGTTTCGATACCCTTGGTGCCGAAGTTAACACATTAAGCATTCCGCCTGGGGAGTACGGTCGCAAGACTGAAACTCAAAGGAATTGACGGGGACCCGCACAAGCAGTGGAGTATGTGGTTTAATTCGAAGCAACGCGAAGAACCTTACCAGGTCTTGACATCCCTCTGACCGTCCTAGAGATAGGGCTTTCCTTCGGGACAGAGGAGACAGGTGGTGCATGGTTGTCGTCAGCTCGTGTCGTGAGATGTTGGGTTAAGTCCCGCAACGAGCGCAACCCTTGATCTTAGTTGCCAGCACTTCGGGTGGGCACTCTAGGATGACTGCCGGTGACAAACCGGA,Depleted,P__Firmicutes,G__Paenibacillus
62,OTU438,0.00055,0,-2.43295940727611,11.1503562274776,4.62526469915346,0.0315043998538495,0.0380347996321479,a9306a3d433b68561c75374492161a38,P__Proteobacteria,C__Gammaproteobacteria,O__Pseudomonadales,F__Pseudomonadaceae,G__Pseudomonas,,GTAGTCCACGCCGTAAACGATGTCAACTAGCCGTTGGAAGCCTTGAGCTTTTAGTGGCGCAGCTAACGCATTAAGTTGACCGCCTGGGGAGTACGGCCGCAAGGTTAAAACTCAAATGAATTGACGGGGGCCCGCACAAGCGGTGGAGCATGTGGTTTAATTCGAAGCAACGCGAAGAACCTTACCAGGCCTTGACATCCAATGAACTTTCCAGAGATGGATTGGTGCCTTCGGGAACATTGAGACAGGTGCTGCATGGCTGTCGTCAGCTCGTGTCGTGAGATGTTGGGTTAAGTCCCGTAACGAGCGCAACCCTTGTCCTTAGTTACCAGCACGTTATGGTGGGCACTCTAAGGAGACTGCCGGTGACAAACCGGA,Depleted,C__Gammaproteobacteria,G__Pseudomonas
63,OTU45,0.01395,0.00126315789473684,-3.34189134192927,13.2482699840045,3.48138859598687,0.0620626406635568,0.0703376594186977,e2c280fef2a1d2e0b0c762ca1256cda7,P__Actinobacteria,C__Actinobacteria,O__Actinomycetales,F__Nocardiaceae,G__Rhodococcus,,GTAGTCCACGCCGTAAACGGTGGGCGCTAGGTGTGGGTTCCTTCCACGGAATCCGTGCCGTAGCTAACGCATTAAGCGCCCCGCCTGGGGAGTACGGCCGCAAGGCTAAAACTCAAAGGAATTGACGGGGGCCCGCACAAGCGGCGGAGCATGTGGATTAATTCGATGCAACGCGAAGAACCTTACCTGGGTTTGACATATACCGGAAAGCTGCAGAGATGTGGCCCCCCTTGTGGTCGGTATACAGGTGGTGCATGGCTGTCGTCAGCTCGTGTCGTGAGATGTTGGGTTAAGTCCCGCAACGAGCGCAACCCCTATCTTATGTTGCCAGCACGTTATGGTGGGGACTCGTAAGAGACTGCCGGGGTCAACTCGGA,NS,P__Actinobacteria,
64,OTU46,0.00715,0.00147368421052632,-2.18606225785873,12.6346247285792,9.06182838599076,0.00261000858449437,0.00556291136575046,e54a7e0ad9d141e0dca1c5f2ee616c62,P__Proteobacteria,C__Alphaproteobacteria,O__Sphingomonadales,F__Sphingomonadaceae,G__Novosphingobium,S__resinovorum,GTAGTCCATGCCGTAAACGATGAGTGTTCGCCCTTGGTCTACGCAGATCAGGGGCTCAGCTAACGCGTGAAACACTCCGCCTGGGGAGTACGGTCGCAAGACCGAAACTCAAAGGAATTGACGGGGGCCTGCACAAGCGGTGGAGCATGTGGTTTAATTCGAAGCAACGCGCAGAACCTTACCAGCGTTTGACATCCTCATCGCGGATTAGAGAGATCTTTTCCTTCAGTTCGGCTGGATGAGTGACAGGTGCTGCATGGCTGTCGTCAGCTCGTGTCGTGAGATGTTGGGTTAAGTCCCGCAACGAGCGCAACCCTCGTCCTTAGTTGCCAGCATTCAGTTGGGCACTCTAAGGAAACTGCCGGTGATAAGCCGGA,Depleted,C__Alphaproteobacteria,G__Novosphingobium
65,OTU474,5e-04,0,-2.32192809488736,11.1340544151484,4.48253967337188,0.0342428006080504,0.0404255284956151,79091c8a4458115db7eda895a211fada,P__Firmicutes,C__Bacilli,O__Bacillales,F__Paenibacillaceae,G__Paenibacillus,,GTAGTCCACGCCGTAAACGATGAATGCTAGGTGTTAGGGGTTTCGATACCCTTGGTGCCGAAGTTAACACATTAAGCATTCCGCCTGGGGAGTACGGTCGCAAGACTGAAACTCAAAGGAATTGACGGGGACCCGCACAAGCAGTGGAGTATGTGGTTTAATTCGAAGCAACGCGAAGAACCTTACCAGGTCTTGACATCCCTCTGATCGTCCTAGAGATAGGGCTTTCCTTCGGGACAGAGGAGACAGGTGGTGCATGGTTGTCGTCAGCTCGTGTCGTGAGATGTTGGGTTAAGTCCCGCAACGAGCGCAACCCTTGATCTTAGTTGCCAGCATTTCGGATGGGCACTCTAGGATGACTGCCGGTGACAAACCGGA,Depleted,P__Firmicutes,G__Paenibacillus
66,OTU49,0.00185,0,-3.98185265328974,11.5201128474555,9.73946681694504,0.00180353204193325,0.0042583395434535,74b61b3132363cd2bb08e6a3945fd9cc,P__Proteobacteria,C__Betaproteobacteria,O__Burkholderiales,F__Oxalobacteraceae,G__Telluria,S__mixta,GTAGTCCACGCCCTAAACGATGTCTACTAGTTGTCGGGTCTTAATTGACTTGGTAACGCAGCTAACGCGTGAAGTAGACCGCCTGGGGAGTACGGTCGCAAGATTAAAACTCAAAGGAATTGACGGGGACCCGCACAAGCGGTGGATGATGTGGATTAATTCGATGCAACGCGAAAAACCTTACCTACCCTTGACATGTCAGGAACCTCCGAGAGATTGGAGGGTGCCCGAAAGGGAGCCTGAACACAGGTGCTGCATGGCTGTCGTCAGCTCGTGTCGTGAGATGTTGGGTTAAGTCCCGCAACGAGCGCAACCCTTGTCATTAGTTGCTACGAAAGGGCACTCTAATGAGACTGCCGGTGACAAACCGGA,Depleted,C__Betaproteobacteria,G__Telluria
67,OTU5,0.0139,0,-6.80992886572143,13.1503562274776,3.62181949931838,0.0570264734907814,0.065503381712384,54e920928fd0ce9dd763bf0ae9f1f331,P__Proteobacteria,C__Gammaproteobacteria,O__Enterobacteriales,F__Enterobacteriaceae,,,GTAGTCCACGCCGTAAACGATGTCGACTTGGAGGTTGTGCCCTTGAGGCGTGGCTTCCGGAGCTAACGCGTTAAGTCGACCGCCTGGGGAGTACGGCCGCAAGGTTAAAACTCAAATGAATTGACGGGGGCCCGCACAAGCGGTGGAGCATGTGGTTTAATTCGATGCAACGCGAAGAACCTTACCTGGTCTTGACATCCACGGAAGTTTTCAGAGATGAGAATGTGCCTTCGGGAACCGTGAGACAGGTGCTGCATGGCTGTCGTCAGCTCGTGTTGTGAAATGTTGGGTTAAGTCCCGCAACGAGCGCAACCCTTATCCTTTGTTGCCAGCGGTCCGGCCGGGAACTCAAAGGAGACTGCCAGTGATAAACTGGA,NS,C__Gammaproteobacteria,
68,OTU51,0.00715,0.00115789473684211,-2.5035444477149,12.5994353001169,10.4794911831068,0.00120706995341969,0.00353796365657495,a9a2f516772eec4cc7d1d01cf8ea1c90,P__Proteobacteria,C__Alphaproteobacteria,O__Sphingomonadales,F__Sphingomonadaceae,G__Novosphingobium,S__resinovorum,GTAGTCCATGCCGTAAACGATGAGTGTTCGCCCTTGGTCTACGCAGATCAGGGGCTCAGCTAACGCGTGAAACACTCCGCCTGGGGAGTACGGTCGCAAGACCGAAACTCAAAGGAATTGACGGGGGCCTGCACAAGCGGTGGAGCATGTGGTTTAATTCGAAGCAACGCGCAGAACCTTACCAGCGTTTGACATCCTCATCGCGGATTAGAGAGATCTTTTCCTTCAGTTCGGCTGGATGAGTGACAGGTGCTGCATGGCTGTCGTCAGCTCGTGTCGTGAGATGTTGGGTTAAGTCCCGCAACGAGCGCAACCCTCGTCCTTAGTTGCCAGCATTTAGTTGGGCACTCTAAGGAAACTGCCGGTGATAAGCCGGA,Depleted,C__Alphaproteobacteria,G__Novosphingobium
69,OTU513,0.00055,0,-2.43295940727611,11.1503562274776,4.62526469915346,0.0315043998538495,0.0380347996321479,f349dc8cce5116cfd3745237f9c34d54,P__Actinobacteria,C__Actinobacteria,O__Actinomycetales,F__Microbacteriaceae,G__Clavibacter,S__michiganensis,GTAGTCCATGCCGTAAACGTTGGGAACTAGATGTGGGGACCATTCCACGGTCTCCGTGTCGCAGCTAACGCATTAAGTTCCCCGCCTGGGGAGTACGGCCGCAAGGCTAAAACTCAAAGGAATTGACGGGGGCCCGCACAAGCGGCGGAGCATGCGGATTAATTCGATGCAACGCGAAGAACCTTACCAAGGCTTGACATATACCGGAAACATGCAGAAATGTGTGCCCCGTAAGGTCGGTATACAGGTGGTGCATGGTTGTCGTCAGCTCGTGTCGTGAGATGTTGGGTTAAGTCCCGCAACGAGCGCAACCCTCGTTCTATGTTGCCAGCACGTAATGGTGGGAACTCATAGGAGACTGCCGGGGTCAACTCGGA,Depleted,P__Actinobacteria,G__Clavibacter
70,OTU52,0.00585,0.000105263157894737,-4.69758320959201,12.2966746159675,27.4163693599841,1.64036825182603e-07,1.09609148503081e-06,1e8e7927b20849486aea5b4eea4bb46e,P__Firmicutes,C__Bacilli,O__Bacillales,F__Paenibacillaceae,G__Paenibacillus,S__chondroitinus,GTAGTCCACGCCGTAAACGATGTATGCTAGGTGTCAGGGGTTTCGATGCCCTTGGTGCCGAAGTTAACACAGTAAGCATACCGCCTGGGGAGTACGCTCGCAAGAGTGAAACTCAAAGGAATTGACGGGGACCCGCACAAGCAGTGGAGTATGTGGTTTAATTCGAAGCAACGCGAAGAACCTTACCAGGTCTTGACATCCCGATGTAACGCCTAGAGATAGGTGCCCTCTTCGGAGCATTGGAGACAGGTGGTGCATGGTTGTCGTCAGCTCGTGTCGTGAGATGTTGGGTTAAGTCCCGCAACGAGCGCAACCCTTGATCTTAGTTGCCAGCACTTTGGGTGGGCACTCTAAGATGACTGCCGGTGACAAACCGGA,Depleted,P__Firmicutes,G__Paenibacillus
71,OTU53,0.00235,0,-4.30742852519225,11.6404070811732,13.6695601781682,0.00021795898502228,0.000842114260313354,ff1f10162df5177b14455211b6e836e1,P__Firmicutes,C__Bacilli,O__Bacillales,F__Paenibacillaceae,G__Paenibacillus,,GTAGTCCACGCCGTAAACGATGAATGCTAGGTGTTAGGGGTTTCGATACCCTTGGTGCCGAAGTTAACACATTAAGCATTCCGCCTGGGGAGTACGGTCGCAAGACTGAAACTCAAAGGAATTGACGGGGACCCGCACAAGCAGTGGAGTATGTGGTTTAATTCGAAGCAACGCGAAGAACCTTACCAGGTCTTGACATCCCTCTGAATCCACTAGAGATAGTGGCGGCCTTCGGGACAGAGGAGACAGGTGGTGCATGGTTGTCGTCAGCTCGTGTCGTGAGATGTTGGGTTAAGTCCCGCAACGAGCGCAACCCTTGATCTTAGTTGCCAGCACTTTGGGTGGGCACTCTAGGATGACTGCCGGTGACAAACCGGA,Depleted,P__Firmicutes,G__Paenibacillus
72,OTU54,0.00505,0.000105263157894737,-4.49020335911058,12.1744686835944,16.3211268431157,5.34645488789798e-05,0.000239183508142804,d5d5ebc34ed830ece9a873c04f4541bf,P__Firmicutes,C__Bacilli,O__Bacillales,F__Paenibacillaceae,G__Paenibacillus,S__chondroitinus,GTAGTCCACGCCGTAAACGATGCATACTAGGTGTCGGGGATTCGATTTCTCGGTGCCGAAGTTAACACAGTAAGTATGCCGCCTGGGGAGTACGCTCGCAAGAGTGAAACTCAAAGGAATTGACGGGGACCCGCACAAGCAGTGGAGTATGTGGTTTAATTCGAAGCAACGCGAAGAACCTTACCAGGTCTTGACATCCCTCTGAATCCTCTAGAGATAGAGGCGGCCTTCGGGACAGAGGAGACAGGTGGTGCATGGTTGTCGTCAGCTCGTGTCGTGAGATGTTGGGTTAAGTCCCGCAACGAGCGCAACCCTTGATCTTAGTTGCCAGCATGTTATGGTGGGCACTCTAGGATGACTGCCGGTGACAAACCGGA,Depleted,P__Firmicutes,G__Paenibacillus
73,OTU55,0.0043,5.26315789473684e-05,-4.63871746647575,12.040945010757,23.6863788150144,1.13382192787022e-06,6.88391884778346e-06,585610ea232dc37e5ee70c8ddfc2ccda,P__Firmicutes,C__Bacilli,O__Bacillales,F__Paenibacillaceae,G__Paenibacillus,S__chondroitinus,GTAGTCCACGCCGTAAACGATGCATACTAGGTGTTGGGGATTCGATTCCTCGGTGCCGAAGTTAACACAGTAAGTATGCCGCCTGGGGAGTACGCTCGCAAGAGTGAAACTCAAAGGAATTGACGGGGACCCGCACAAGCAGTGGAGTATGTGGTTTAATTCGAAGCAACGCGAAGAACCTTACCAGGTCTTGACATCCCTCTGAATATCCTAGAGATAGGGTAGGCCTTCGGGACAGAGGAGACAGGTGGTGCATGGTTGTCGTCAGCTCGTGTCGTGAGATGTTGGGTTAAGTCCCGCAACGAGCGCAACCCTTGATCTTAGTTGCCAGCATTTCGGATGGGCACTCTAAGATGACTGCCGGTGACAAACCGGA,Depleted,P__Firmicutes,G__Paenibacillus
74,OTU6,0.04975,0.0158421052631579,-1.6432140565148,15.0987890853293,5.83245985997802,0.0157331091998712,0.0222885713664841,da728bba35d80a883229bb20bba80621,P__Proteobacteria,C__Alphaproteobacteria,O__Rhizobiales,F__Rhizobiaceae,G__Agrobacterium,,GTAGTCCACGCCGTAAACGATGAATGTTAGCCGTCGGCAAGTTTACTTGTCGGTGGCGCAGCTAACGCATTAAACATTCCGCCTGGGGAGTACGGTCGCAAGATTAAAACTCAAAGGAATTGACGGGGGCCCGCACAAGCGGTGGAGCATGTGGTTTAATTCGAAGCAACGCGCAGAACCTTACCAGCCCTTGACATGCCCGGCTCGCCACAGAGATGTGGTTTTCCCTTCGGGGACCGGGACACAGGTGCTGCATGGCTGTCGTCAGCTCGTGTCGTGAGATGTTGGGTTAAGTCCCGCAACGAGCGCAACCCTCGCCCTTAGTTGCCAGCATTTGGTTGGGCACTCTAAGGGGACTGCCGGTGATAAGCCGAGA,Depleted,C__Alphaproteobacteria,G__Agrobacterium
75,OTU61,0.0042,5.26315789473684e-05,-4.60574014402948,12.0233509507422,15.4625211272528,8.41575491754832e-05,0.000357669583995804,b85a9d5421f841ca4450cd6e411b0c76,P__Firmicutes,C__Bacilli,O__Bacillales,F__Paenibacillaceae,G__Paenibacillus,S__chondroitinus,GTAGTCCACGCCGTAAACGATGCATACTAGGTGTTGGGGATTCGATTCCTCGGTGCCGAAGTTAACACAGTAAGTATGCCGCCTGGGGAGTACGCTCGCAAGAGTGAAACTCAAAGGAATTGACGGGGACCCGCACAAGCAGTGGAGTATGTGGTTTAATTCGAAGCAACGCGAAGAACCTTACCAGGTCTTGACATCTGGGTGTAAGCACTAGAGATAGTGCCCCTCTTCGGAGCACCCAAGACAGGTGGTGCATGGTTGTCGTCAGCTCGTGTCGTGAGATGTTGGGTTAAGTCCCGCAACGAGCGCAACCCTTGATCTTAGTTGCCAGCACTTCGGGTGGGCACTCTAAGATGACTGCCGGTGACAAACCGGA,Depleted,P__Firmicutes,G__Paenibacillus
76,OTU68,0.0052,0.000157894736842105,-4.23444428407996,12.2060042570275,20.3346994618409,6.50108526744099e-06,3.25054263372049e-05,65d961a9b3de4ac1c53be85d50c547ed,P__Firmicutes,C__Bacilli,O__Bacillales,F__Paenibacillaceae,G__Paenibacillus,S__chondroitinus,GTAGTCCACGCCGTAAACGATGCATACTAGGTGTTGGGGATTCGATTCCTCGGTGCCGAAGTTAACACAGTAAGTATGCCGCCTGGGGAGTACGCTCGCAAGAGTGAAACTCAAAGGAATTGACGGGGACCCGCACAAGCAGTGGAGTATGTGGTTTAATTCGAAGCAACGCGAAGAACCTTACCAGGTCTTGACATCCCGATGTAACGCCTAGAGATAGGCGCCCTCTTCGGAGCATTGGAGACAGGTGGTGCATGGTTGTCGTCAGCTCGTGTCGTGAGATGTTGGGTTAAGTCCCGCAACGAGCGCAACCCTTGATCTTAGTTGCCAGCACTTCGGGTGGGCACTCTAAGATGACTGCCGGTGACAAACCGGA,Depleted,P__Firmicutes,G__Paenibacillus
77,OTU7,0.02365,0.000842105263157895,-4.61962860458042,13.8218277214534,36.9754900020549,1.19623555795294e-09,1.45257174894285e-08,df225125c7482a416e50f080bd8e0137,P__Proteobacteria,C__Betaproteobacteria,O__Burkholderiales,F__Burkholderiaceae,G__Pandoraea,,GTAGTCCACGCCCTAAACGATGTCAACTAGTTGTTGGGGATTCATTTCCTTAGTAACGAAGCTAACGCGTGAAGTTGACCGCCTGGGGAGTACGGTCGCAAGATTAAAACTCAAAGGAATTGACGGGGACCCGCACAAGCGGTGGATGATGTGGATTAATTCGATGCAACGCGAAAAACCTTACCTACCCTTGACATGTACGGAATCCTGCTGAGAGGTGGGAGTGCTCGAAAGAGAACCGTAACACAGGTGCTGCATGGCTGTCGTCAGCTCGTGTCGTGAGATGTTGGGTTAAGTCCCGCAACGAGCGCAACCCTTGTCCTTAGTTGCTACGCAAGAGCACTCTAGGGAGACTGCCGGTGACAAACCGGA,Depleted,C__Betaproteobacteria,G__Pandoraea
78,OTU71,0.00165,0.00273684210526316,0.689125052675186,12.0233509507422,0.833053951822219,0.361390930968452,0.370099146172511,adb700c12756f747acedb92d9356ff4c,P__Proteobacteria,C__Betaproteobacteria,O__Burkholderiales,F__Comamonadaceae,G__Comamonas,,GTAGTCCACGCCCTAAACGATGTCAACTGGTTGTTGGGAATTCACTTTCTCAGTAACGAAGCTAACGCGTGAAGTTGACCGCCTGGGGAGTACGGCCGCAAGGTTGAAACTCAAAGGAATTGACGGGGACCCGCACAAGCGGTGGATGATGTGGTTTAATTCGATGCAACGCGAAAAACCTTACCCACCTTTGACATGGCAGGAACTTACCAGAGATGGTTTGGTGCTCGAAAGAGAACCTGCACACAGGTGCTGCATGGCTGTCGTCAGCTCGTGTCGTGAGATGTTGGGTTAAGTCCCGCAACGAGCGCAACCCTTGCCATTAGTTGCTACATTCAGTTGAGCACTCTAATGGGACTGCCGGTGACAAACCGGA,NS,C__Betaproteobacteria,
79,OTU73,0.00355,5.26315789473684e-05,-4.37078426122912,11.903441487007,12.5021789459611,0.000406477660207578,0.00143960837990184,78aa7af7b017ab831bdb5f3f9c083244,P__Firmicutes,C__Bacilli,O__Bacillales,F__Paenibacillaceae,G__Paenibacillus,S__chondroitinus,GTAGTCCACGCCGTAAACGATGCATACTAGGTGTCGGGGATTCGATTTCTCGGTGCCGAAGTTAACACAGTAAGTATGCCGCCTGGGGAGTACGCTCGCAAGAGTGAAACTCAAAGGAATTGACGGGGACCCGCACAAGCAGTGGAGTATGTGGTTTAATTCGAAGCAACGCGAAGAACCTTACCAGGTCTTGACATCCCGATGTAACACCTAGAGATAGGTGCCCTCTTCGGAGCATTGGAGACAGGTGGTGCATGGTTGTCGTCAGCTCGTGTCGTGAGATGTTGGGTTAAGTCCCGCAACGAGCGCAACCCTTGATCTTAGTTGCCAGCACTTCGGGTGGGCACTCTAGGATGACTGCCGGTGACAAACCGGA,Depleted,P__Firmicutes,G__Paenibacillus
80,OTU77,0.0036,0.000210526315789474,-3.47274259704689,11.9414093372061,7.14091607664641,0.00753446601813833,0.0130699920722808,ab17296e09e0f7bccf0ea997d44abd91,P__Firmicutes,C__Bacilli,O__Bacillales,F__Paenibacillaceae,G__Paenibacillus,S__chondroitinus,GTAGTCCACGCCGTAAACGATGCATACTAGGTGTCGGGGATTCGATTTCTCGGTGCCGAAGTTAACACAGTAAGTATGCCGCCTGGGGAGTACGCTCGCAAGAGTGAAACTCAAAGGAATTGACGGGGACCCGCACAAGCAGTGGAGTATGTGGTTTAATTCGAAGCAACGCGAAGAACCTTACCAGGTCTTGACATCCCTCTGAATCCTCTAGAGATAGAGGCGGCCTTCGGGACAGAGGAGACAGGTGGTGCATGGTTGTCGTCAGCTCGTGTCGTGAGATGTTGGGTTAAGTCCCGCAACGAGCGCAACCCTTGATCTTAGTTGCCAGCACTTCGGGTGGGCACTCTAGGATGACTGCCGGTGACAAACCGGA,Depleted,P__Firmicutes,G__Paenibacillus
81,OTU78,7e-04,0,-2.72246602447109,11.1981847525682,4.98697751371444,0.0255387798864144,0.0328908528840186,703ca461c1332f98e7b275f7e156ab0f,P__Proteobacteria,C__Gammaproteobacteria,O__Pseudomonadales,F__Pseudomonadaceae,G__Pseudomonas,,GTAGTCCACGCCGTAAACGATGTCAACTAGCCGTTGGAAGCCTTGAGCTTTTAGTGGCGCAGCTAACGCATTAAGTTGACCGCCTGGGGAGTACGGCCGCAAGGTTAAAACTCAAATGAATTGACGGGGGCCCGCACAAGCGGTGGAGCATGTGGTTTAATTCGAAGCAACGCGAAGAACCTTACCAGGCCTTGACATCCAATGAACTTTCTAGAGATAGATTGGTGCCTTCGGGAACATTGAGACAGGTGCTGCATGGCTGTCGTCAGCTCGTGTCGTGAGATGTTGGGTTAAGTCCCGTAACGAGCGCAACCCTTGTCCTTAGTTACCAGCGCGTCATGGTGGGCACTCTAAGGAGACTGCCGGTGACAAACCGGA,Depleted,C__Gammaproteobacteria,G__Pseudomonas
82,OTU8,0.02345,0.000578947368421053,-5.06564639283017,13.7987441083403,37.7479443299882,8.05015050461302e-10,1.14043798815351e-08,11f4e7ca3fb618f5a83d24db4e9b311c,P__Proteobacteria,C__Betaproteobacteria,O__Burkholderiales,F__Comamonadaceae,G__Variovorax,S__paradoxus,GTAGTCCACGCCCTAAACGATGTCAACTGGTTGTTGGGAATTCACTTTCTCAGTAACGAAGCTAACGCGTGAAGTTGACCGCCTGGGGAGTACGGCCGCAAGGTTGAAACTCAAAGGAATTGACGGGGACCCGCACAAGCGGTGGATGATGTGGTTTAATTCGATGCAACGCGAAAAACCTTACCCACCTTTGACATGTACGGAATTCGCCAGAGATGGCTTAGTGCTCGAAAGAGAACCGTAACACAGGTGCTGCATGGCTGTCGTCAGCTCGTGTCGTGAGATGTTGGGTTAAGTCCCGCAACGAGCGCAACCCTTGTCATTAGTTGCTACATTCAGTTGGGCACTCTAATGAGACTGCCGGTGACAAACCGGA,Depleted,C__Betaproteobacteria,G__Variovorax
83,OTU80,0.0046,5.26315789473684e-05,-4.73335434061383,12.0924753113971,22.0421344142219,2.66730452502888e-06,1.51147256418303e-05,ad2ec38f40f99cf6e353eec7750bf55a,P__Firmicutes,C__Bacilli,O__Bacillales,F__Paenibacillaceae,G__Paenibacillus,S__chondroitinus,GTAGTCCACGCCGTAAACGATGCATACTAGGTGTCGGGGATTCGATTTCTCGGTGCCGAAGTTAACACAGTAAGTATGCCGCCTGGGGAGTACGCTCGCAAGAGTGAAACTCAAAGGAATTGACGGGGACCCGCACAAGCAGTGGAGTATGTGGTTTAATTCGAAGCAACGCGAAGAACCTTACCAGGTCTTGACATCCCTCTGAATCCTCTAGAGATAGAGGCGACCTTCGGGACAGAGGAGACAGGTGGTGCATGGTTGTCGTCAGCTCGTGTCGTGAGATGTTGGGTTAAGTCCCGCAACGAGCGCAACCCTTGATCTTAGTTGCCAGCACTTCGGGTGGGCACTCTAGGATGACTGCCGGTGACAAACCGGA,Depleted,P__Firmicutes,G__Paenibacillus
84,OTU9,0.03775,0.00121052631578947,-4.82576557973136,14.4160897829123,56.9559715931932,4.45678926254775e-14,1.26275695772186e-12,09ec497795ae35c3c97c2fbe9fb741c7,P__Firmicutes,C__Bacilli,O__Bacillales,F__Paenibacillaceae,G__Paenibacillus,S__chondroitinus,GTAGTCCACGCCGTAAACGATGCATACTAGGTGTTGGGGATTCGATTCCTCGGTGCCGAAGTTAACACAGTAAGTATGCCGCCTGGGGAGTACGCTCGCAAGAGTGAAACTCAAAGGAATTGACGGGGACCCGCACAAGCAGTGGAGTATGTGGTTTAATTCGAAGCAACGCGAAGAACCTTACCAGGTCTTGACATCCCTCTGAATATCCTAGAGATAGGGTAGGCCTTCGGGACAGAGGAGACAGGTGGTGCATGGTTGTCGTCAGCTCGTGTCGTGAGATGTTGGGTTAAGTCCCGCAACGAGCGCAACCCTTGATCTTAGTTGCCAGCACTTCGGGTGGGCACTCTAAGATGACTGCCGGTGACAAACCGGA,Depleted,P__Firmicutes,G__Paenibacillus
85,OTU96,0.0019,0,-4.01792190799726,11.5326037916387,13.416232878016,0.000249456156793996,0.000921903188151724,9cde2a396d5b121c168ae9fecdee2cd5,P__Proteobacteria,C__Gammaproteobacteria,O__Pseudomonadales,F__Pseudomonadaceae,G__Pseudomonas,,GTAGTCCACGCCGTAAACGATGTCAACTAGCCGTTGGAAGCCTTGAGCTTTTAGTGGCGCAGCTAACGCATTAAGTTGACCGCCTGGGGAGTACGGCCGCAAGGTTAAAACTCAAATGAATTGACGGGGGCCCGCACAAGCGGTGGAGCATGTGGTTTAATTCGAAGCAACGCGAAGAACCTTACCAGGCCTTGACATCCAATGAACTTTCTAGAGATAGATTGGTGCCTTCGGGAACATTGAGACAGGTGCTGCATGGCTGTCGTCAGCTCGTGTCGTGAGATGTTGGGTTAAGTCCCGTAACGAGCGCAACCCTTGTCCTTAGTTACCAGCACGTTATGGTGGGCACTCTAAGGAGACTGCCGGTGACAAACCGGA,Depleted,C__Gammaproteobacteria,G__Pseudomonas
