,Row.names,Col0,min7,logFC,logCPM,LR,PValue,FDR,Feature_ID,Phylum,Class,Order,Family,Genus,Species,Fasta,sig,color,label
1,OTU1,0.3485,0.285684210526316,-0.286623619584984,18.2814906338853,0.38231443993066,0.536367182711108,0.79038239096181,16a14ca0b2bfe08e8e08cc3db89dbb0b,P__Proteobacteria,C__Betaproteobacteria,O__Burkholderiales,F__Comamonadaceae,G__Comamonas,,GTAGTCCACGCCCTAAACGATGTCAACTGGTTGTTGGGTCTTAACTGACTCAGTAACGAAGCTAACGCGTGAAGTTGACCGCCTGGGGAGTACGGCCGCAAGGTTGAAACTCAAAGGAATTGACGGGGACCCGCACAAGCGGTGGATGATGTGGTTTAATTCGATGCAACGCGAAAAACCTTACCCACCTTTGACATGGCAGGAACTTACCAGAGATGGTTTGGTGCTCGAAAGAGAACCTGCACACAGGTGCTGCATGGCTGTCGTCAGCTCGTGTCGTGAGATGTTGGGTTAAGTCCCGCAACGAGCGCAACCCTTGCCATTAGTTGCTACATTCAGTTGAGCACTCTAATGGGACTGCCGGTGACAAACCGGA,NS,C__Betaproteobacteria,
2,OTU10,0.01795,0.0159473684210526,-0.169413107240084,14.2060042570275,0.0910780837670835,0.762811043427573,0.838239582837826,1fa1705554f735486c17bc54a1e1fa7b,P__Proteobacteria,C__Alphaproteobacteria,O__Rhizobiales,F__Rhizobiaceae,G__Rhizobium,,GTAGTCCACGCCGTAAACGATGAATGTTAGCCGTCGGGCAGTATACTGTTCGGTGGCGCAGCTAACGCATTAAACATTCCGCCTGGGGAGTACGGTCGCAAGATTAAAACTCAAAGGAATTGACGGGGGCCCGCACAAGCGGTGGAGCATGTGGTTTAATTCGAAGCAACGCGCAGAACCTTACCAGCCCTTGACATCCTGTGTTACCTCTAGAGATAGGGGGTCCACTTCGGTGGCGCAGAGACAGGTGCTGCATGGCTGTCGTCAGCTCGTGTCGTGAGATGTTGGGTTAAGTCCCGCAACGAGCGCAACCCTCGCCCTTAGTTGCCAGCATTTAGTTGGGCACTCTAAGGGGACTGCCGGTGATAAGCCGAGA,NS,C__Alphaproteobacteria,
3,OTU109,0.0018,0.00515789473684211,1.45647021826619,12.4025432510744,1.25344553823026,0.262895417086294,0.583626964425618,07439d98420b9d2a253f1a01f480c6ca,P__Firmicutes,C__Bacilli,O__Bacillales,F__Paenibacillaceae,G__Paenibacillus,S__chondroitinus,GTAGTCCACGCCGTAAACGATGCATACTAGGTGTCGGGGATTCGATTTCTCGGTGCCGAAGTTAACACAGTAAGTATGCCGCCTGGGGAGTACGCTCGCAAGAGTGAAACTCAAAGGAATTGACGGGGACCCGCACAAGCAGTGGAGTATGTGGTTTAATTCGAAGCAACGCGAAGAACCTTACCAGGTCTTGACATCTGGGTGTAAGCACTAGAGATAGTGCCCCTCTTCGGAGCACCCAAGACAGGTGGTGCATGGTTGTCGTCAGCTCGTGTCGTGAGATGTTGGGTTAAGTCCCGCAACGAGCGCAACCCTTGATCTTAGTTGCCAGCACTTCGGGTGGGCACTCTAGGATGACTGCCGGTGACAAACCGGA,NS,P__Firmicutes,
4,OTU11,0.0615,0.0769473684210526,0.322697983929001,16.1102930574477,0.396299913021807,0.529006349255833,0.79038239096181,7ddc6d188f18c076b5d2f60b8091964e,P__Firmicutes,C__Bacilli,O__Bacillales,F__Paenibacillaceae,G__Paenibacillus,,GTAGTCCACGCCGTAAACGATGAATGCTAGGTGTTAGGGGTTTCGATACCCTTGGTGCCGAAGTTAACACATTAAGCATTCCGCCTGGGGAGTACGCTCGCAAGAGTGAAACTCAAAGGAATTGACGGGGACCCGCACAAGCAGTGGAGTATGTGGTTTAATTCGAAGCAACGCGAAGAACCTTACCAGCTCTTGACATCCCGATGAAAGCATTAGAGATAGTGCCCCTCTTCGGAGCATCGGAGACAGGTGGTGCATGGTTGTCGTCAGCTCGTGTCGTGAGATGTTGGGTTAAGTCCCGCAACGAGCGCAACCCTTGATCTTAGTTGCCAGCAGGTTAAGCTGGGCACTCTAAGGTGACTGCCGGTGACAAACCGGA,NS,P__Firmicutes,
5,OTU110,0.0018,0.00489473684210526,1.38275328758341,12.3681097540105,1.35615356481683,0.24420521632721,0.569812171430156,a3217b8276f69370457364514729695a,P__Firmicutes,C__Bacilli,O__Bacillales,F__Paenibacillaceae,G__Paenibacillus,S__chondroitinus,GTAGTCCACGCCGTAAACGATGCATACTAGGTGTCAGGGGTTTCGATGCCCTTGGTGCCGAAGTTAACACAGTAAGTATGCCGCCTGGGGAGTACGCTCGCAAGAGTGAAACTCAAAGGAATTGACGGGGACCCGCACAAGCAGTGGAGTATGTGGTTTAATTCGAAGCAACGCGAAGAACCTTACCAGGTCTTGACATCCCGATGTAACACCTAGAGATAGGTGCCCTCTTCGGAGCATTGGAGACAGGTGGTGCATGGTTGTCGTCAGCTCGTGTCGTGAGATGTTGGGTTAAGTCCCGCAACGAGCGCAACCCTTGATCTTAGTTGCCAGCACTTCGGGTGGGCACTCTAGGATGACTGCCGGTGACAAACCGGA,NS,P__Firmicutes,
6,OTU111,0.00195,0.00431578947368421,1.09770484203505,12.3112474170548,0.968359032123718,0.325089772770174,0.643112376567083,e08816a2c8a984ebc54bb9fc5cbf4b5b,P__Firmicutes,C__Bacilli,O__Bacillales,F__Paenibacillaceae,G__Paenibacillus,S__chondroitinus,GTAGTCCACGCCGTAAACGATGCATACTAGGTGTCGGGGATTCGATTTCTCGGTGCCGAAGTTAACACAGTAAGTATGCCGCCTGGGGAGTACGCTCGCAAGAGTGAAACTCAAAGGAATTGACGGGGACCCGCACAAGCAGTGGAGTATGTGGTTTAATTCGAAGCAACGCGAAGAACCTTACCAGGTCTTGACATCTGGGTGTAAGCACTAGAGATAGTGCCCCTCTTCGGAGCACCCAAGACAGGTGGTGCATGGTTGTCGTCAGCTCGTGTCGTGAGATGTTGGGTTAAGTCCCGCAACGAGCGCAACCCTTGATCTTAGTTGCCAGCATGTTATGGTGGGCACTCTAGGATGACTGCCGGTGACAAACCGGA,NS,P__Firmicutes,
7,OTU118,0.00655,0,-5.73876783680019,12.381981928592,9.73591204513587,0.00180702329645412,0.032887823995465,160211ed412634a0d5fb59a375600077,P__Proteobacteria,C__Gammaproteobacteria,O__Pasteurellales,F__Pasteurellaceae,G__Haemophilus,S__influenzae,GTAGTCCACGCTGTAAACGCTGTCGATTTGGGGGTTGGGGTTTAACTCTGGCGCCCGTAGCTAACGTGATAAATCGACCGCCTGGGGAGTACGGCCGCAAGGTTAAAACTCAAATGAATTGACGGGGGCCCGCACAAGCGGTGGAGCATGTGGTTTAATTCGATGCAACGCGAAGAACCTTACCTACTCTTGACATCCAACGAATTCGATAGAGATATTGGAGTGCCTTCGGGAACGTTGAGACAGGTGCTGCATGGCTGTCGTCAGCTCGTGTTGTGAAATGTTGGGTTAAGTCCCGCAACGAGCGCAACCCTTATCCTTTGTTGCCAGCGATTAGGTCGGGAACTCAAAGGAGACTGCCAGTGATAAACTGGA,Depleted,C__Gammaproteobacteria,G__Haemophilus
8,OTU12,0.0255,0.0224736842105263,-0.181313229243569,14.6618868085837,0.10619844285813,0.744514372100476,0.838239582837826,12f536207ed71bd9bd113ce252a826f5,P__Proteobacteria,C__Gammaproteobacteria,O__Xanthomonadales,F__Xanthomonadaceae,G__Stenotrophomonas,,GTAGTCCACGCCCTAAACGATGCGAACTGGATGTTGGGTGCAATTTGGCACGCAGTATCGAAGCTAACGCGTTAAGTTCGCCGCCTGGGGAGTACGGTCGCAAGACTGAAACTCAAAGGAATTGACGGGGGCCCGCACAAGCGGTGGAGTATGTGGTTTAATTCGATGCAACGCGAAGAACCTTACCTGGTCTTGACATGTCGAGAACTTTCCAGAGATGGATTGGTGCCTTCGGGAACTCGAACACAGGTGCTGCATGGCTGTCGTCAGCTCGTGTCGTGAGATGTTGGGTTAAGTCCCGCAACGAGCGCAACCCTTGTCCTTAGTTGCCAGCACGTAATGGTGGGAACTCTAAGGAGACCGCCGGTGACAAACCGGA,NS,C__Gammaproteobacteria,
9,OTU120,0.00115,0.000105263157894737,-2.46914174358275,11.3611233236944,2.43557123536656,0.118610679921833,0.388942510246548,5bb113f8e2ce6f89645c5c14a896601f,P__Firmicutes,C__Bacilli,O__Bacillales,F__Paenibacillaceae,G__Paenibacillus,S__chondroitinus,GTAGTCCACGCCGTAAACGATGCATACTAGGTGTTGGGGATTCGATTCCTCGGTGCCGAAGTTAACACAGTAAGTATGCCGCCTGGGGAGTACGCTCGCAAGAGTGAAACTCAAAGGAATTGACGGGGACCCGCACAAGCAGTGGAGTATGTGGTTTAATTCGAAGCAACGCGAAGAACCTTACCAGGTCTTGACATCTGGGTGTAAGCACTAGAGATAGTGCCCCTCTTCGGAGCACCCAAGACAGGTGGTGCATGGTTGTCGTCAGCTCGTGTCGTGAGATGTTGGGTTAAGTCCCGCAACGAGCGCAACCCTTGATCTTAGTTGCCAGCACTTTGGGTGGGCACTCTAAGATGACTGCCGGTGACAAACCGGA,NS,P__Firmicutes,
10,OTU122,0.0013,0.00347368421052632,1.33650759007159,12.0840137326489,1.12035810189493,0.289841358416819,0.601453241101371,70c98d7f62a61ab6837001c052a9f3fd,P__Firmicutes,C__Bacilli,O__Bacillales,F__Paenibacillaceae,G__Paenibacillus,S__chondroitinus,GTAGTCCACGCCGTAAACGATGCATACTAGGTGTCGGGGATTCGATTTCTCGGTGCCGAAGTTAACACAGTAAGTATGCCGCCTGGGGAGTACGCTCGCAAGAGTGAAACTCAAAGGAATTGACGGGGACCCGCACAAGCAGTGGAGTATGTGGTTTAATTCGAAGCAACGCGAAGAACCTTACCAGGTCTTGACATCTGGGTGTAAGCACTAGAGATAGTGCCCCTCTTCGGAGCACCCAAGACAGGTGGTGCATGGTTGTCGTCAGCTCGTGTCGTGAGATGTTGGGTTAAGTCCCGCAACGAGCGCAACCCTTGATCTTAGTTGCCAGCACTTTGGGTGGGCACTCTAGGATGACTGCCGGTGACAAACCGGA,NS,P__Firmicutes,
11,OTU125,0.0014,0.00163157894736842,0.203959175568445,11.7726548794717,0.0433577562848448,0.835053091106873,0.873446336675005,b9ed0adbfcdfa93daf141c4f7274e9b5,P__Proteobacteria,C__Betaproteobacteria,O__Burkholderiales,F__Comamonadaceae,G__Comamonas,,GTAGTCCACGCCCTAAACGATGTCAACTGGTTGTTGGGTCTTAACTGACTCAGTAACGAAGCTAACGCGTGAAGTTGACCGCCTGGGGAGTACGGCCGCAAGGTTGAAACTCAAAGGAATTGACGGGGACCCGCACAAGCGGTGGATGATGTGGTTTAATTCGATGCAACGCGAAAAACCTTACCCACCTTTGACATGGCAGGAACTTACCAGAGATGGTTTGGTGCTCGAAAGAGAACCTGCACACAGGTGCTGCATGGCTGTCGTCAGCTCGTGTCGTGAGATGTTGGGTTAAGTCCCGCAACGAGCGCAACCCTTGCCATTAGTTGCTACATTCAGTTGAGCACTCTAATGGGACTGCCAGTGATATACTGGA,NS,C__Betaproteobacteria,
12,OTU129,0.0048,0,-5.30012372456901,12.1175662923599,14.0065465564824,0.000182175248987094,0.00629199827601377,6101396067e7162949a6c62973bd4266,P__Proteobacteria,C__Alphaproteobacteria,O__Rhizobiales,F__Methylobacteriaceae,G__Methylobacterium,,GTAGTCCACGCCGTAAACGATGAATGCTAGCTGTTGGGGTGCTTGCACTTCAGTAGCGCAGCTAACGCTTTAAGCATTCCGCCTGGGGAGTACGGTCGCAAGATTAAAACTCAAAGGAATTGACGGGGGCCCGCACAAGCGGTGGAGCATGTGGTTTAATTCGAAGCAACGCGCAGAACCTTACCATCCTTTGACATGGCGTGTTATGGGGAGAGATCCTCAGTCCTCTTCGGAGGCGCGCACACAGGTGCTGCATGGCTGTCGTCAGCTCGTGTCGTGAGATGTTGGGTTAAGTCCCGCAACGAGCGCAACCCACGTCCTTAGTTGCCATCATTCAGTTGGGCACTCTAGGGAGACTGCCGGTGATAAGCCGCGA,Depleted,C__Alphaproteobacteria,G__Methylobacterium
13,OTU13,0.02625,0.0239473684210526,-0.131793001811684,14.7217467086252,0.0236797946407776,0.877702457441686,0.907624132127198,a4d7235811e3f452e7a193e6c0ecfdba,P__Proteobacteria,C__Alphaproteobacteria,O__Rhizobiales,F__Methylobacteriaceae,,,GTAGTCCACGCCGTAAACGATGAATGCCAGCCGTTGGCCTGCTTGCAGGTCAGTGGCGCCGCTAACGCATTAAGCATTCCGCCTGGGGAGTACGGTCGCAAGATTAAAACTCAAAGGAATTGACGGGGGCCCGCACAAGCGGTGGAGCATGTGGTTTAATTCGAAGCAACGCGCAGAACCTTACCATCCCTTGACATGGCATGTTACCTCGAGAGATCGGGGATCCTCTTCGGAGGCGTGCACACAGGTGCTGCATGGCTGTCGTCAGCTCGTGTCGTGAGATGTTGGGTTAAGTCCCGCAACGAGCGCAACCCACGTCCTTAGTTGCCATCATTCAGTTGGGCACTCTAGGGAGACTGCCGGTGATAAGCCGCGA,NS,C__Alphaproteobacteria,
14,OTU130,0.00105,0.00194736842105263,0.818619748153418,11.7620856377615,0.402148715631412,0.525981651923115,0.79038239096181,72295d555705fdbf879fa8819e380ea8,P__Firmicutes,C__Bacilli,O__Bacillales,F__Paenibacillaceae,G__Paenibacillus,S__chondroitinus,GTAGTCCACGCCGTAAACGATGCATACTAGGTGTTGGGGATTCGATTCCTCGGTGCCGAAGTTAACACAGTAAGTATGCCGCCTGGGGAGTACGCTCGCAAGAGTGAAACTCAAAGGAATTGACGGGGACCCGCACAAGCAGTGGAGTATGTGGTTTAATTCGAAGCAACGCGAAGAACCTTACCAGGTCTTGACATCTGGGTGTAAGCACTAGAGATAGTGCCCCTCTTCGGAGCACCCAAGACAGGTGGTGCATGGTTGTCGTCAGCTCGTGTCGTGAGATGTTGGGTTAAGTCCCGCAACGAGCGCAACCCTTGATCTTAGTTGCCAGCATTTCGGATGGGCACTCTAAGATGACTGCCGGTGACAAACCGGA,NS,P__Firmicutes,
15,OTU134,0.00495,0,-5.34340782229781,12.1422283465942,13.7625664621502,0.000207428514593861,0.00629199827601377,62858683fc22378fcc3b92b0971f67ad,P__Proteobacteria,C__Alphaproteobacteria,O__Rhizobiales,F__Methylobacteriaceae,G__Methylobacterium,S__hispanicum,GTAGTCCACGCCGTAAACGATGAATGCTAGCTGTTGGGGTGCATGCACCGCAGTAGCGCAGCTAACGCATTAAGCATTCCGCCTGGGGAGTACGGTCGCAAGATTAAAACTCAAAGGAATTGACGGGGGCCCGCACAAGCGGTGGAGCATGTGGTTTAATTCGAAGCAACGCGCAGAACCTTACCATCCTTTGACATGGCATGTTACCTGGAGAGATCCAGGGTCCTCTTCGGAGGCGTGCACACAGGTGCTGCATGGCTGTCGTCAGCTCGTGTCGTGAGATGTTGGGTTAAGTCCCGCAACGAGCGCAACCCACGTCCTCAGTTGCCATCATTCAGTTGGGCACTCTGGGGAGACTGCCGGTGATAAGCCGCGA,Depleted,C__Alphaproteobacteria,G__Methylobacterium
16,OTU138,0.001,0.000473684210526316,-0.910057874687203,11.4160897829123,0.362379271664166,0.547187809127407,0.79038239096181,b97b75991bd0558f1ddac19fca639b4a,P__Firmicutes,C__Bacilli,O__Bacillales,F__Bacillaceae,G__Bacillus,S__ginsengihumi,GTAGTCCACGCCGTAAACGATGAGTGCTAAGTGTTAGAGGGTTTCCGCCCTTTAGTGCTGCAGCTAACGCATTAAGCACTCCGCCTGGGGAGTACGACCGCAAGGTTGAAACTCAAAGGAATTGACGGGGGCCCGCACAAGCGGTGGAGCATGTGGTTTAATTCGAAGCAACGCGAAGAACCTTACCAGGTCTTGACATCCTCTGACCTCCCTAGAGATAGGGCCTTCCCCTTCGGGGGACAGAGTGACAGGTGGTGCATGGTTGTCGTCAGCTCGTGTCGTGAGATGTTGGGTTAAGTCCCGCAACGAGCGCAACCCTTGACCTTAGTTGCCAGCATTCAGTTGGGCACTCTAAGGTGACTGCCGGTGACAAACCGGA,NS,P__Firmicutes,
17,OTU140,3e-04,0.00178947368421053,2.17141308310172,11.557265845873,2.31388997324011,0.128222805575785,0.388942510246548,c47cfbe78c3b3258ece5d78af1e5aabf,P__Actinobacteria,C__Actinobacteria,O__Actinomycetales,F__Nocardioidaceae,,,GTAGTCCACACCGTAAACGTTGGGCGCTAGGTGTGGGGCCTATTCCATGGGTTCCGTGCCGCAGCTAACGCATTAAGCGCCCCGCCTGGGGAGTACGGCCGCAAGGCTAAAACTCAAAGGAATTGACGGGGGCCCGCACAAGCGGCGGAGCATGCGGATTAATTCGATGCAACGCGAAGAACCTTACCTGGGTTCAACTACTACCGGAAAGCGCTAGAGATAGTGCCCCTTTTTGTCGGTAGATAGGTGGTGCATGGCTGTCGTCAGCTCGTGTCGTGAGATGTTGGGTTAAGTCCCGCAACGAGCGCAACCCTCGTTCTATGTTGCCAGCACGTTATGGTGGGGACTCATAGGAGACTGCCGGGGTCAACTCGGA,NS,P__Actinobacteria,
18,OTU141,5e-05,0.000473684210526316,1.77444029958487,11.1340544151484,2.23325004181564,0.135069468833487,0.396494247220881,bed1121da0e02cbeff7d6ff31e38d3ce,P__Proteobacteria,C__Betaproteobacteria,O__Burkholderiales,F__Comamonadaceae,,,GTAGTCCACGCCCTAAACGATGTCAACTGGTTGTTGGGTCTTAACTGACTCAGTAACGAAGCTAACGCGTGAAGTTGACCGCCTGGGGAGTACGGCCGCAAGGTTGAAACTCAAAGGAATTGACGGGGACCCGCACAAGCGGTGGATGATGTGGTTTAATTCGATGCAACGCGAAAAACCTTACCCACCTTTGACATGGCAGGAACTTACCAGAGATGGTTTGGTGCTCGAAAGAGAACCTGCACACAGGTGCTGCATGGCTGTCGTCAGCTCGTGTCGTGAGATGTTGGGTTAAGTCCCGCAACGAGCGCAACCCTCGTCCTTAGTTGCCAGCATTCAGTTGGGCACTCTAAGGAAACTGCCGGTGATAAGCCGGA,NS,C__Betaproteobacteria,
19,OTU148,0.0013,0,-3.51096191927738,11.3750625146522,8.19996498155511,0.00418911982649842,0.042356656023484,75307c99200d9b92c41869ddb15f64c3,P__Firmicutes,C__Bacilli,O__Bacillales,F__Paenibacillaceae,G__Paenibacillus,,GTAGTCCACGCCGTAAACGATGAATGCTAGGTGTTAGGGGTTTCGATACCCTTGGTGCCGAAGTTAACACATTAAGCATTCCGCCTGGGGAGTACGCTCTCAAGAGTGAAACTCAAAGGAATTGACGGGGACCCGCACAAGCAGTGGAGTATGTGGTTTAATTCGAAGCAACGCGAAGAACCTTACCAGCTCTTGACATCCCTCTGAATGCATTGGAGACAGTGCAGGCCTTCGGGACAGAGGAGACAGGTGGTGCATGGTTGTCGTCAGCTCGTGTCGTGAGATGTTGGGTTAAGTCCCGCAACGAGCGCAACCCTTGATCTTAGTTGCCAGCAGGTAAGGCTGGGCACTCTAAGGTGACTGCCGGTGACAAACCGGA,Depleted,P__Firmicutes,G__Paenibacillus
20,OTU159,8e-04,0.001,0.282399730700726,11.4948017589263,0.0575885295333372,0.810348783177683,0.857462084525222,49b3cf057c1dc21205c41725969d6748,P__Proteobacteria,C__Alphaproteobacteria,O__Sphingomonadales,F__Sphingomonadaceae,G__Sphingomonas,,GTAGTCCACGCCGTAAACGATGATAACTAGCTGTCCGGGGACTTGGTCTTTGGGTGGCGCAGCTAACGCATTAAGTTATCCGCCTGGGGAGTACGGCCGCAAGGTTAAAACTCAAATGAATTGACGGGGGCCTGCACAAGCGGTGGAGCATGTGGTTTAATTCGAAGCAACGCGCAGAACCTTACCAGCGTTTGACATGTCCGGACGATTTCCAGAGATGGATCTCTTCCCTTCGGGGACTGGAACACAGGTGCTGCATGGCTGTCGTCAGCTCGTGTCGTGAGATGTTGGGTTAAGTCCCGCAACGAGCGCAACCCTCGTGTTTAGTTGCCACCGTTGAGTTTGGAACCCTGAACAGACTGCCGGTGATAAGCCGGA,NS,C__Alphaproteobacteria,
21,OTU16,0.0389,0.0344736842105263,-0.173681459053437,15.235910741676,0.11610799925,0.733294625993736,0.838239582837826,839bf834334fb7143362f526838e7647,P__Proteobacteria,C__Betaproteobacteria,O__Burkholderiales,F__Comamonadaceae,,,GTAGTCCATGCCGTAAACGATGAGTGTTCGCCCTTGGTCTACGCAGATCAGGGGCTCAGCTAACGCGTGAAACACTCCGCCTGGGGAGTACGGTCGCAAGACCGAAACTCAAAGGAATTGACGGGGACCCGCACAAGCGGTGGATGATGTGGTTTAATTCGATGCAACGCGAAAAACCTTACCCACCTTTGACATGGCAGGAACTTACCAGAGATGGTTTGGTGCTCGAAAGAGAACCTGCACACAGGTGCTGCATGGCTGTCGTCAGCTCGTGTCGTGAGATGTTGGGTTAAGTCCCGCAACGAGCGCAACCCTTGCCATTAGTTGCTACATTCAGTTGAGCACTCTAATGGGACTGCCGGTGACAAACCGGA,NS,C__Betaproteobacteria,
22,OTU166,0.00355,0,-4.877744249949,11.8937913169733,9.29239014328456,0.00230107732340113,0.0348996727382504,a01d87574d092329db1e24b26525e218,P__Actinobacteria,C__Actinobacteria,O__Actinomycetales,F__Nocardiaceae,G__Rhodococcus,,GTAGTCCACGCCGTAAACGGTGGGCGCTAGGTGTGGGTTCCTTTCACGGAATCCGTGCCGTAGCTAACGCATTAAGCGCCCCGCCTGGGGAGTACGGCCGCAAGGCTAAAACTCAAAGGAATTGACGGGGGCCCGCACAAGCGGCGGAGCATGTGGATTAATTCGATGCAACGCGAAGAACCTTACCTGGGTTTGACATATACCGGAAAGCTGCAGAGATGTGGCCCCCCTTGTGGTCGGTATACAGGTGGTGCATGGCTGTCGTCAGCTCGTGTCGTGAGATGTTGGGTTAAGTCCCGCAACGAGCGCAACCCCTATCTTATGTTGCCAGCACGTTATGGTGGGGACTCGTAAGAGACTGCCGGGGTCAACTCGGA,Depleted,P__Actinobacteria,G__Rhodococcus
23,OTU17,0.0252,0.0385789473684211,0.611918443555944,15.0354698806908,1.16432337516398,0.280570711688792,0.601453241101371,021c5b891400b6d9b57112db2890f06c,P__Bacteroidetes,C__Flavobacteriia,O__Flavobacteriales,F__[Weeksellaceae],G__Chryseobacterium,,GTAGTCCACGCTGTAAACGATGCTAACTCGTTTTTGGGTTTTCGGATTCAGAGACTAAGCGAAAGTGATAAGTTAGCCACCTGGGGAGTACGAACGCAAGTTTGAAACTCAAAGGAATTGACGGGGGCCCGCACAAGCGGTGGATTATGTGGTTTAATTCGATGATACGCGAGGAACCTTACCAAGGCTTAAATGGGAATTGATCGGTTTAGAAATAGACCTTCCTTCGGGCAATTTTCAAGGTGCTGCATGGTTGTCGTCAGCTCGTGCCGTGAGGTGTTAGGTTAAGTCCTGCAACGAGCGCAACCCCTGTTACTAGTTGCTACCATTAAGTTGAGGACTCTAGTAAGACTGCCTACGCAAGTAGAGA,NS,P__Bacteroidetes,
24,OTU180,3e-04,0.000421052631578947,0.361577171540363,11.1981847525682,0.076150523112954,0.782583518582476,0.838239582837826,1d6fc7272be710b3d294cb0be16c4d45,P__Proteobacteria,C__Betaproteobacteria,O__Burkholderiales,F__Comamonadaceae,,,GTAGTCCACGCCCTAAACGATGTCAACTGGTTGTTGGGTCTTAACTGACTCAGTAACGAAGCTAACGCGTGAAGTTGACCGCCTGGGGAGTACGGCCGCAAGGTTGAAACTCAAAGGAATTGACGGGGACCCGCACAAGCGGTGGATGATGTGGTTTAATTCGATGCAACGCGAAAAACCTTACCCACCTTTGACATGGCAGGAACTTACCAGAGATGGTTTGGTGCTCGAAAGAGAACCTGCACACAGGTGCTGCATGGCTGTCGTCAGCTCGTGTCGTGAGATGTTGGGTTAAGTCCCGCAACGAGCGCAACCCTCGTCCTTAGTTGCCAGCATTTAGTTGGGCACTCTAAGGAAACTGCCGGTGATAAGCCGGA,NS,C__Betaproteobacteria,
25,OTU186,0.00055,0.00131578947368421,1.09390013888148,11.5075128106759,0.504264828434712,0.477632163688765,0.783267644418614,0535730b28336b0d51d48b74dbd8bad4,P__Firmicutes,C__Bacilli,O__Bacillales,F__Paenibacillaceae,G__Paenibacillus,S__chondroitinus,GTAGTCCACGCCGTAAACGATGCATACTAGGTGTTGGGGATTCGATTCCTCGGTGCCGAAGTTAACACAGTAAGTATGCCGCCTGGGGAGTACGCTCGCAAGAGTGAAACTCAAAGGAATTGACGGGGACCCGCACAAGCAGTGGAGTATGTGGTTTAATTCGAAGCAACGCGAAGAACCTTACCAGGTCTTGACATCCCTCTGAATATCCTAGAGATAGGATAGGCCTTCGGGACAGAGGAGACAGGTGGTGCATGGTTGTCGTCAGCTCGTGTCGTGAGATGTTGGGTTAAGTCCCGCAACGAGCGCAACCCTTGATCTTAGTTGCCAGCACTTCGGGTGGGCACTCTAAGATGACTGCCGGTGACAAACCGGA,NS,P__Firmicutes,
26,OTU19,0.0066,0.00526315789473684,-0.319742139471839,12.9507472017854,0.132887209268716,0.715457065128773,0.838239582837826,ea2c8db448e24f54503687097adbc0bc,P__Firmicutes,C__Bacilli,O__Bacillales,F__Paenibacillaceae,G__Paenibacillus,,GTAGTCCACGCCGTAAACGATGAATGCTAGGTGTTAGGGGTTTCGATACCCTTGGTGCCGAAGTTAACACATTAAGCATTCCGCCTGGGGAGTACGCTCGCAAGAGTGAAACTCAAAGGAATTGACGGGGACCCGCACAAGCAGTGGAGTATGTGGTTTAATTCGAAGCAACGCGAAGAACCTTACCAGCTCTTGACATCCCTCTGAATGCATTGGAGACAGTGCAGGCCTTCGGGACAGAGGAGACAGGTGGTGCATGGTTGTCGTCAGCTCGTGTCGTGAGATGTTGGGTTAAGTCCCGCAACGAGCGCAACCCTTGATCTTAGTTGCCAGCACTTCGGGTGGGCACTCTAAGGTGACTGCCGGTGACAAACCGGA,NS,P__Firmicutes,
27,OTU190,0.0023,0,-4.27798474729977,11.628819106898,8.66631055921077,0.00324146795313916,0.0421390833908091,8eca0c5eb9e5820b00b5ce57cc26825b,P__Firmicutes,C__Bacilli,O__Bacillales,F__Bacillaceae,G__Bacillus,,GTAGTCCACGCCGTAAACGATGAGTGCTAAGTGTTAGGGGGTTTCCGCCCCTTAGTGCTGCAGCTAACGCATTAAGCACTCCGCCTGGGGAGTACGGCCGCAAGGCTGAAACTCAAAGGAATTGACGGGGGCCCGCACAAGCGGTGGAGCATGTGGTTTAATTCGAAGCAACGCGAAGAACCTTACCAGGTCTTGACATCCTCTGACACTCCTAGAGATAGGACGTTCCCCTTCGGGGGACAGAGTGACAGGTGGTGCATGGTTGTCGTCAGCTCGTGTCGTGAGATGTTGGGTTAAGTCCCGCAACGAGCGCAACCCTTGATCTTAGTTGCCAGCATTCAGTTGGGCACTCTAAGGTGACTGCCGGTGACAAACCGGA,Depleted,P__Firmicutes,G__Bacillus
28,OTU195,0,0.00142105263157895,3.62858943312141,11.3888683141773,8.39278385826195,0.00376713514864494,0.042356656023484,d795b3671ab3dedb2b0b34a8eb7f94e8,P__Proteobacteria,C__Alphaproteobacteria,O__Rhizobiales,F__Hyphomicrobiaceae,G__Hyphomicrobium,,GTAGTCCACGCCGTAAACGATGGATGCTAGCCGTCGGATAGCTTGCTATTCGGTGGCGCAGCTAACGCATTAAGCATCCCGCCTGGGGAGTACGGCCGCAAGGTTAAAACTCAAAGGAATTGACGGGGGCCCGCACAAGCGGTGGAGCATGTGGTTTAATTCGACGCAACGCGAAGAACCTTACCAGCTCTTGACATTCACTGATCGCCGGTAGAGATGCCGGAATTCCAGCAATGGACAGTGGGACAGGTGCTGCATGGCTGTCGTCAGCTCGTGTCGTGAGATGTTGGGTTAAGTCCCGCAACGAGCGCAACCCTCGCCATTAGTTGCCATCATTAAGTTGGGCACTCTAGTGGGACTGCCGGTGATAAGCCGGA,Enriched,C__Alphaproteobacteria,G__Hyphomicrobium
29,OTU201,0.00065,5.26315789473684e-05,-2.12530822677963,11.1981847525682,2.47577224727607,0.115612646609255,0.388942510246548,8f471c55d57cd57a6ff2d86b43be19b4,P__Firmicutes,C__Bacilli,O__Bacillales,F__Bacillaceae,G__Bacillus,,GTAGTCCACGCCGTAAACGATGAGTGCTAAGTGTTAGAGGGTTTCCGCCCTTTAGTGCTGCAGCTAACGCATTAAGCACTCCGCCTGGGGAGTACGGCCGCAAGGCTGAAACTCAAAGGAATTGACGGGGGCCCGCACAAGCGGTGGAGCATGTGGTTTAATTCGAAGCAACGCGAAGAACCTTACCAGGTCTTGACATCCTCTGACAATCCTAGAGATAGGACGTTCCCCTTCGGGGGACAGAGTGACAGGTGGTGCATGGTTGTCGTCAGCTCGTGTCGTGAGATGTTGGGTTAAGTCCCGCAACGAGCGCAACCCTTGATCTTAGTTGCCAGCATTCAGTTGGGCACTCTAAGGTGACTGCCGGTGACAAACCGGA,NS,P__Firmicutes,
30,OTU204,7e-04,0.000210526315789474,-1.29796819594318,11.2595852972323,1.11585582055321,0.290812556136926,0.601453241101371,c750c63fa0f2e9cebf569cd30cb2a2e1,P__Proteobacteria,C__Alphaproteobacteria,O__Sphingomonadales,F__Sphingomonadaceae,G__Sphingomonas,,GTAGTCCACGCCGTAAACGATGATAACTAGCTGTCCGGGGACTTGGTCTTTGGGTGGCGCAGCTAACGCATTAAGTTATCCGCCTGGGGAGTACGGCCGCAAGGTTAAAACTCAAATGAATTGACGGGGGCCTGCACAAGCGGTGGAGCATGTGGTTTAATTCGAAGCAACGCGCAGAACCTTACCAGCGTTTGACATGTCCGGACGATTTCCAGAGATGGATCTCTTCCCTTCGGGGACTGGAACACAGGTGCTGCATGGCTGTCGTCAGCTCGTGTCGTGAGATGTTGGGTTAAGTCCCGCAACGAGCGCAACCCTTGCCATTAGTTGCTACATTCAGTTGAGCACTCTAATGGGACTGCCGGTGACAAACCGGA,NS,C__Alphaproteobacteria,
31,OTU21,0.00045,0.000789473684210526,0.669379698110272,11.3470481384826,0.145212367301784,0.703153232815406,0.838239582837826,e32c6c80d1d79bcde664ca3c9220d1f3,P__Proteobacteria,C__Betaproteobacteria,O__Burkholderiales,F__Burkholderiaceae,G__Burkholderia,S__bryophila,GTAGTCCACGCCCTAAACGATGTCAACTAGTTGTCGGGTCTTCATTGACTTGGTAACGTAGCTAACGCGTGAAGTTGACCGCCTGGGGAGTACGGTCGCAAGATTAAAACTCAAAGGAATTGACGGGGACCCGCACAAGCGGTGGATGATGTGGATTAATTCGATGCAACGCGAAAAACCTTACCTACCCTTGACATGTATGGAATCCTGCTGAGAGGTGGGAGTGCCCGAAAGGGAGCCATAACACAGGTGCTGCATGGCTGTCGTCAGCTCGTGTCGTGAGATGTTGGGTTAAGTCCCGCAACGAGCGCAACCCTTGTCCCTAGTTGCTACGCAAGAGCACTCTAGGGAGACTGCCGGTGACAAACCGGA,NS,C__Betaproteobacteria,
32,OTU218,0.00015,0.00115789473684211,2.22189927655609,11.3611233236944,2.32033766907145,0.127692304210711,0.388942510246548,23dcb2f0fde0504f36b504314902f1f7,P__Firmicutes,C__Bacilli,O__Bacillales,F__Paenibacillaceae,G__Paenibacillus,S__chondroitinus,GTAGTCCACGCCGTAAACGATGCATACTAGGTGTTGGGGATTCGATTCCTCGGTGCCGAAGTTAACACAGTAAGTATGCCGCCTGGGGAGTACGCTCGCAAGAGTGAAACTCAAAGGAATTGACGGGGACCCGCACAAGCAGTGGAGTATGTGGTTTAATTCGAAGCAACGCGAAGAACCTTACCAGGTCTTGACATCTGGGTGTAAGCACTAGAGATAGTGCCCCTCTTCGGAGCATCCAAGACAGGTGGTGCATGGTTGTCGTCAGCTCGTGTCGTGAGATGTTGGGTTAAGTCCCGCAACGAGCGCAACCCTTGATCTTAGTTGCCAGCACTTCGGGTGGGCACTCTAAGATGACTGCCGGTGACAAACCGGA,NS,P__Firmicutes,
33,OTU223,0.00175,0,-3.90689059560852,11.4948017589263,6.85737122287082,0.00882763263529655,0.0730285972556351,539056817cec978078fb05a80afc202e,P__Firmicutes,C__Bacilli,O__Lactobacillales,F__Streptococcaceae,G__Streptococcus,,GTAGTCCACGCCGTAAACGATGAGTGCTAGGTGTTGGATCCTTTCCGGGATTCAGTGCCGCAGCTAACGCATTAAGCACTCCGCCTGGGGAGTACGACCGCAAGGTTGAAACTCAAAGGAATTGACGGGGGCCCGCACAAGCGGTGGAGCATGTGGTTTAATTCGAAGCAACGCGAAGAACCTTACCAGGTCTTGACATCCCGATGCTATTTCTAGAGATAGAAAGTTACTTCGGTACATCGGTGACAGGTGGTGCATGGTTGTCGTCAGCTCGTGTCGTGAGATGTTGGGTTAAGTCCCGCAACGAGCGCAACCCCTATTGTTAGTTGCCATCATTCAGTTGGGCACTCTAGCGAGACTGCCGGTAATAAACCGGA,NS,P__Firmicutes,
34,OTU224,0.00055,0.000842105263157895,0.518785424116673,11.3888683141773,0.142622734030565,0.705687456816444,0.838239582837826,55d811f80505a02e78c0c9b59067a6bb,P__Firmicutes,C__Bacilli,O__Bacillales,F__Paenibacillaceae,G__Paenibacillus,S__chondroitinus,GTAGTCCACGCCGTAAACGATGCATACTAGGTGTTGGGGATTCGATTCCTCGGTGCCGAAGTTAACACAGTAAGTATGCCGCCTGGGGAGTACGCTCGCAAGAGTGAAACTCAAAGGAATTGACGGGGACCCGCACAAGCAGTGGAGTATGTGGTTTAATTCGAAGCAACGCGAAGAACCTTACCAGGTCTTGACATCCCTCTGCAAGCTCTAGAGATAGAGCCCTCCTTCGGGACAGAGGAGACAGGTGGTGCATGGTTGTCGTCAGCTCGTGTCGTGAGATGTTGGGTTAAGTCCCGCAACGAGCGCAACCCTTGATCTTAGTTGCCAGCATTTCGGATGGGCACTCTAAGATGACTGCCGGTGACAAACCGGA,NS,P__Firmicutes,
35,OTU227,8e-04,0,-2.88752527074159,11.2292116481888,5.62085673263025,0.0177479710618088,0.0897258537013665,821e5851537ea928f3dfd579df73a2f6,P__Firmicutes,C__Bacilli,O__Bacillales,F__Paenibacillaceae,G__Paenibacillus,,GTAGTCCACGCCGTAAACGATGAATGCTAGGTGTTAGGGGTTTCGATACCCTTGGTGCCGAAGTTAACACATTAAGCATTCCGCCTGGGGAGTACGGTCGCAAGACTGAAACTCAAAGGAATTGACGGGGACCCGCACAAGCAGTGGAGTATGTGGTTTAATTCGAAGCAACGCGAAGAACCTTACCAGGTCTTGACATCCCAATGCAAGCATTAGAGATAGTGCCCTTCTTCGGAACATTGGAGACAGGTGGTGCATGGTTGTCGTCAGCTCGTGTCGTGAGATGTTGGGTTAAGTCCCGCAACGAGCGCAACCCTTGATCTTAGTTGCCAGCACTTTGGGTGGGCACTCTAGGATGACTGCCGGTGACAAACCGGA,NS,P__Firmicutes,
36,OTU23,0.02395,0.0319473684210526,0.413795097124653,14.8594981394194,0.503498396167188,0.477966977322296,0.783267644418614,546079ea875543124ffe67211d09275e,P__Firmicutes,C__Bacilli,O__Bacillales,F__Paenibacillaceae,G__Paenibacillus,S__chondroitinus,GTAGTCCACGCCGTAAACGATGCATACTAGGTGTTGGGGATTCGATTCCTCGGTGCCGAAGTTAACACAGTAAGTATGCCGCCTGGGGAGTACGCTCGCAAGAGTGAAACTCAAAGGAATTGACGGGGACCCGCACAAGCAGTGGAGTATGTGGTTTAATTCGAAGCAACGCGAAGAACCTTACCAGGTCTTGACATCCCTCTGAATATCCTAGAGATAGGGTAGGCCTTCGGGACAGAGGAGACAGGTGGTGCATGGTTGTCGTCAGCTCGTGTCGTGAGATGTTGGGTTAAGTCCCGCAACGAGCGCAACCCTTGATCTTAGTTGCCAGCACTTTGGGTGGGCACTCTAAGATGACTGCCGGTGACAAACCGGA,NS,P__Firmicutes,
37,OTU237,3e-04,0.000473684210526316,0.494332380392134,11.2137816076192,0.137390728189226,0.710888884933884,0.838239582837826,e567980ab753b094998b64a880fbab73,P__Firmicutes,C__Bacilli,O__Bacillales,F__Paenibacillaceae,G__Paenibacillus,S__chondroitinus,GTAGTCCACGCCGTAAACGATGTATGCTAGGTGTTAGGGGTTTCGATGCCCTTGGTGCCGAAGTTAACACAGTAAGCATACCGCCTGGGGAGTACGCTCGCAAGAGTGAAACTCAAAGGAATTGACGGGGACCCGCACAAGCAGTGGAGTATGTGGTTTAATTCGAAGCAACGCGAAGAACCTTACCAGGTCTTGACATCTGGGTGTAAGCACTAGAGATAGTGCCCCTCTTCGGAGCACCCAAGACAGGTGGTGCATGGTTGTCGTCAGCTCGTGTCGTGAGATGTTGGGTTAAGTCCCGCAACGAGCGCAACCCTTGATCTTAGTTGCCAGCACTTCGGGTGGGCACTCTAAGATGACTGCCGGTGACAAACCGGA,NS,P__Firmicutes,
38,OTU251,0.0019,0,-4.01792190799726,11.5326037916387,7.04346929027043,0.00795547841539807,0.0723948535801225,9e045a0a8c4ddd4392e649feb60570d4,P__Firmicutes,C__Bacilli,O__Lactobacillales,F__Streptococcaceae,G__Streptococcus,,GTAGTCCACGCTGTAAACGATGAGTGCTAGGTGTTAGACCCTTTCCGGGGTTTAGTGCCGTAGCTAACGCATTAAGCACTCCGCCTGGGGAGTACGACCGCAAGGTTGAAACTCAAAGGAATTGACGGGGGCCCGCACAAGCGGTGGAGCATGTGGTTTAATTCGAAGCAACGCGAAGAACCTTACCAGGTCTTGACATCCCTCTGACCGCTCTAGAGATAGAGTTTTCCTTCGGGACAGAGGTGACAGGTGGTGCATGGTTGTCGTCAGCTCGTGTCGTGAGATGTTGGGTTAAGTCCCGCAACGAGCGCAACCCCTATTGTTAGTTGCCATCATTTAGTTGGGCACTCTAGCGAGACTGCCGGTAATAAACCGGA,NS,P__Firmicutes,
39,OTU252,0.0011,0.000736842105263158,-0.507286261133982,11.5075128106759,0.0896270341475986,0.764651840914997,0.838239582837826,ed308d85d8443a47e416b4d3cc81e100,P__Firmicutes,C__Bacilli,O__Bacillales,F__Paenibacillaceae,G__Paenibacillus,,GTAGTCCACGCCGTAAACGATGAATGCTAGGTGTTAGGGGTTTCGATACCCTTGGTGCCGAAGTTAACACATTAAGCATTCCGCCTGGGGAGTACGGTCGCAAGACTGAAACTCAAAGGAATTGACGGGGACCCGCACAAGCAGTGGAGTATGTGGTTTAATTCGAAGCAACGCGAAGAACCTTACCAGGTCTTGACATCCCTCTGATCGTCCTAGAGATAGGGCTTTCCTTCGGGACAGAGGAGACAGGTGGTGCATGGTTGTCGTCAGCTCGTGTCGTGAGATGTTGGGTTAAGTCCCGCAACGAGCGCAACCCTTGATCTTAGTTGCCAGCACTTCGGGTGGGCACTCTAGGATGACTGCCGGTGACAAACCGGA,NS,P__Firmicutes,
40,OTU262,0.00105,0.000578947368421053,-0.739121283832713,11.4559825100358,0.330379520173153,0.565435698264373,0.803978883469655,a32e23b670ad729e6334a70e9fc20435,P__Firmicutes,C__Bacilli,O__Bacillales,F__Paenibacillaceae,G__Brevibacillus,,GTAGTCCACGCCGTAAACGATGAGTGCTAGGTGTTGGGGGTTTCAATACCCTCAGTGCCGCAGCTAACGCAATAAGCACTCCGCCTGGGGAGTACGCTCGCAAGAGTGAAACTCAAAGGAATTGACGGGGGCCCGCACAAGCGGTGGAGCATGTGGTTTAATTCGAAGCAACGCGAAGAACCTTACCAGGTCTTGACATCCCGCTGACCGCTCTGGAGACAGAGCTTCCCTTCGGGGCAGCGGTGACAGGTGGTGCATGGTTGTCGTCAGCTCGTGTCGTGAGATGTTGGGTTAAGTCCCGCAACGAGCGCAACCCTTATCTTTAGTTGCCAGCATTCAGTTGGGCACTCTAGAGAGACTGCCGTCGACAAGACGGA,NS,P__Firmicutes,
41,OTU266,0.00025,0.000368421052631579,0.395928676331139,11.1664758928408,0.076192496481422,0.782525113965668,0.838239582837826,928a2d650c30f74e0a0128a63fd899d3,P__Actinobacteria,C__Actinobacteria,O__Actinomycetales,F__Nocardioidaceae,,,GTAGTCCACACCGTAAACGTTGGGCGCTAGGTGTGGGGCCTATTCCATGGGTTCCGTGCCGCAGCTAACGCATTAAGCGCCCCGCCTGGGGAGTACGGCCGCAAGGCTAAAACTCAAAGGAATTGACGGGGGCCCGCACAAGCGGCGGAGCATGCGGATTAATTCGATGCAACGCGAAGAACCTTACCTGGGTTCAACTACTACCGGAAAGCGCTAGAGATAGTGCCCCTTTTTGTCGGTAGATAGGTGGTGCATGGCTGTCGTCAGCTCGTGTCGTGAGATGTTGGGTTAAGTCCCGCAACGAGCGCAACCCTCGTTCTATGTTGCCAGCACGTCATGGTGGGGACTCATAGGAGACTGCCGGGGTCAACTCGGA,NS,P__Actinobacteria,
42,OTU271,0.00055,0,-2.43295940727611,11.1503562274776,4.86692806131632,0.0273761919521511,0.124561673382288,d2769224b4e457d907859d67a43c280d,P__Firmicutes,C__Bacilli,O__Bacillales,F__Paenibacillaceae,G__Paenibacillus,,GTAGTCCACGCCGTAAACGATGAATGCTAGGTGTTAGGGGTTTCGATACCCTTGGTGCCGAAGTTAACACATTAAGCATTCCGCCTGGGGAGTACGCTCGCAAGAGTGAAACTCAAAGGAATTGACGGGGACCCGCACAAGCAGTGGAGTATGTGGTTTAATTCGAAGCAACGCGAAGAACCTTACCAGCTCTTGACATCCCTCTGAATGCATTGGAGACAGTGCAGGCCTTCGGGACGGAGGAGACAGGTGGTGCATGGTTGTCGTCAGCTCGTGTCGTGAGATGTTGGGTTAAGTCCCGCAACGAGCGCAACCCTTGATCTTAGTTGCCAGCACTTCGGGTGGGCACTCTAAGGTGACTGCCGGTGACAAACCGGA,NS,P__Firmicutes,
43,OTU28,0.014,0.0266315789473684,0.92164279960336,14.4295102986746,2.39798168987875,0.121491907237083,0.388942510246548,b699b8402c2d6c82990ce6f41e3150cc,P__Proteobacteria,C__Betaproteobacteria,O__Burkholderiales,F__Comamonadaceae,G__Variovorax,S__paradoxus,GTAGTCCACGCCCTAAACGATGTCAACTGGTTGTTGGGAATTCACTTTCTCAGTAACGAAGCTAACGCGTGAAGTTGACCGCCTGGGGAGTACGGCCGCAAGGTTGAAACTCAAAGGAATTGACGGGGACCCGCACAAGCGGTGGATGATGTGGTTTAATTCGATGCAACGCGAAAAACCTTACCCACCTTTGACATGTACGGAATTCGCCAGAGATGGCTTAGTGCTCGAAAGAGAACCGTAACACAGGTGCTGCATGGCTGTCGTCAGCTCGTGTCGTGAGATGTTGGGTTAAGTCCCGCAACGAGCGCAACCCTTGTCATTAGTTGCTACATTTAGTTGGGCACTCTAATGAGACTGCCGGTGACAAACCGGA,NS,C__Betaproteobacteria,
44,OTU284,8e-04,0,-2.88752527074159,11.2292116481888,5.64211220321192,0.0175340709589953,0.0897258537013665,a2b3ed334045e7d45931ea774132695b,P__Firmicutes,C__Bacilli,O__Bacillales,F__Paenibacillaceae,G__Paenibacillus,,GTAGTCCACGCCGTAAACGATGAATGCTAGGTGTTAGGGGTTTCGATACCCTTGGTGCCGAAGTTAACACATTAAGCATTCCGCCTGGGGAGTACGGTCGCAAGACTGAAACTCAAAGGAATTGACGGGGACCCGCACAAGCAGTGGAGTATGTGGTTTAATTCGAAGCAACGCGAAGAACCTTACCAGGTCTTGACATCCCTCTGAATCCACTAGAGATAGTGGCGGCCTTCGGGACAGAGGAGACAGGTGGTGCATGGTTGTCGTCAGCTCGTGTCGTGAGATGTTGGGTTAAGTCCCGCAACGAGCGCAACCCTTGATCTTAGTTGCCAGCATTTCGGATGGGCACTCTAGGATGACTGCCGGTGACAAACCGGA,NS,P__Firmicutes,
45,OTU29,0.0067,0.00068421052631579,-3.07624205413683,12.4884039877282,5.3098449706544,0.0212052432102872,0.101561954322954,fe8efd6e1ccd96ad2b6e6e0d7aaf0f6d,P__Proteobacteria,C__Gammaproteobacteria,O__Enterobacteriales,F__Enterobacteriaceae,,,GTAGTCCACGCCGTAAACGATGTCGACTTGGAGGTTGTGCCCTTGAGGCGTGGCTTCCGGAGCTAACGCGTTAAGTCGACCGCCTGGGGAGTACGGCCGCAAGGTTAAAACTCAAATGAATTGACGGGGGCCCGCACAAGCGGTGGAGCATGTGGTTTAATTCGATGCAACGCGAAGAACCTTACCTGGTCTTGACATCCACAGAACTTTCCAGAGATGGATTGGTGCCTTCGGGAACTGTGAGACAGGTGCTGCATGGCTGTCGTCAGCTCGTGTTGTGAAATGTTGGGTTAAGTCCCGCAACGAGCGCAACCCTTATCCTTTGTTGCCAGCGGTCCGGCCGGGAACTCAAAGGAGACTGCCAGTGATAAACTGGA,NS,C__Gammaproteobacteria,
46,OTU295,0.00015,0.000947368421052632,1.96329711703756,11.3039794165908,1.87750525976091,0.170617962335282,0.456653958015018,f4540e03fe1afea94e72d1a3361a870b,P__Proteobacteria,C__Alphaproteobacteria,O__Sphingomonadales,F__Sphingomonadaceae,G__Sphingomonas,,GTAGTCCACGCCGTAAACGATGATAACTAGCTGTCGGGGCTCTTAGAGCTTCGGTGGCGCAGCTAACGCATTAAGTTATCCGCCTGGGGAGTACGGCCGCAAGGTTAAAACTCAAATGAATTGACGGGGGCCTGCACAAGCGGTGGAGCATGTGGTTTAATTCGAAGCAACGCGCAGAACCTTACCAGCGTTTGACATGTCCGGACGATTCCCAGAGATGGGTCTCTTCCCTTCGGGGACTGGAACACAGGTGCTGCATGGCTGTCGTCAGCTCGTGTCGTGAGATGTTGGGTTAAGTCCCGCAACGAGCGCAACCCTCGTCCTTAGTTGCCATCATTTAGTTGGGCACTCTAAGGAAACCGCCGGTGATAAGCCGGA,NS,C__Alphaproteobacteria,
47,OTU297,9e-04,5.26315789473684e-05,-2.52866392101084,11.2745356386983,4.18039301687398,0.0408942164485261,0.155057237367328,29b182d478b106e8cde45985ec456d8a,P__Proteobacteria,C__Alphaproteobacteria,O__Rhizobiales,,,,GTAGTCCATGCCGTAAACGATGAGTGTTCGCCCTTGGTCTACGCAGATCAGGGGCTCAGCTAACGCGTGAAACACTCCGCCTGGGGAGTACGGTCGCAAGACCGAAACTCAAAGGAATTGACGGGGGCCCGCACAAGCGGTGGAGCATGTGGTTTAATTCGAAGCAACGCGCAGAACCTTACCAGCTTTTGACATGTCCGGTTTGATCGGCAGAGATGCCTTTCTTCAGTTCGGCTGGCCGGAACACAGGTGCTGCATGGCTGTCGTCAGCTCGTGTCGTGAGATGTTGGGTTAAGTCCCGCAACGAGCGCAACCCTCGCCCCTAGTTGCCATCATTCAGTTGGGAACTCTAGGGGGACTGCCGGTGATAAGCCGCGA,NS,C__Alphaproteobacteria,
48,OTU3,0.0228,0.0269473684210526,0.239899373157711,14.7052899327581,0.200094949129959,0.654644216735022,0.838239582837826,517bae36c3f249b7261904488361268b,P__Proteobacteria,C__Betaproteobacteria,O__Burkholderiales,F__Alcaligenaceae,,,GTAGTCCACGCCCTAAACGATGTCAACTAGCTGTTGGGGCCTTCGGGCCTTGGTAGCGCAGCTAACGCGTGAAGTTGACCGCCTGGGGAGTACGGTCGCAAGATTAAAACTCAAAGGAATTGACGGGGACCCGCACAAGCGGTGGATGATGTGGATTAATTCGATGCAACGCGAAAAACCTTACCTACCCTTGACATGTCTGGAATGCCGAAGAGATTTGGCAGTGCTCGCAAGAGAACCGGAACACAGGTGCTGCATGGCTGTCGTCAGCTCGTGTCGTGAGATGTTGGGTTAAGTCCCGCAACGAGCGCAACCCTTGTCATTAGTTGCTACGAAAGGGCACTCTAATGAGACTGCCGGTGACAAACCGGA,NS,C__Betaproteobacteria,
49,OTU302,7e-04,0,-2.72246602447109,11.1981847525682,6.45559897501119,0.0110603252513153,0.077422276759207,cb990b221587bea4995c2c9aea81e5f6,P__Firmicutes,C__Bacilli,O__Bacillales,F__Bacillaceae,G__Bacillus,,GTAGTCCACGCCGTAAACGATGAGTGCTAAGTGTTAGAGGGTTTCCGCCCTTTAGTGCTGCAGCTAACGCATTAAGCACTCCGCCTGGGGAGTACGGCCGCAAGGCTGAAACTCAAAGGAATTGACGGGGGCCCGCACAAGCGGTGGAGCATGTGGTTTAATTCGAAGCAACGCGAAGAACCTTACCAGGTCTTGACATCCTCTGACCTCCCTAGAGATAGGGCCTTCCCCTTCGGGGGACAGAGTGACAGGTGGTGCATGGTTGTCGTCAGCTCGTGTCGTGAGATGTTGGGTTAAGTCCCGCAACGAGCGCAACCCTTGACCTTAGTTGCCAGCATTCAGTTGGGCACTCTAAGGTGACTGCCGGTGACAAACCGGA,NS,P__Firmicutes,
50,OTU31,0.00885,0.00763157894736842,-0.210491449399512,13.3184789862859,0.0758723408944491,0.782971038914453,0.838239582837826,e41170011f6c30398af8d54137ce74d7,P__Firmicutes,C__Bacilli,O__Bacillales,F__Paenibacillaceae,G__Paenibacillus,,GTAGTCCACGCCGTAAACGATGAATGCTAGGTGTTAGGGGTTTCGATACCCTTGGTGCCGAAGTTAACACATTAAGCATTCCGCCTGGGGAGTACGCTCGCAAGAGTGAAACTCAAAGGAATTGACGGGGACCCGCACAAGCAGTGGAGTATGTGGTTTAATTCGAAGCAACGCGAAGAACCTTACCAGCTCTTGACATCCCTCTGAATGCATTGGAGACAGTGCAGGCCTTCGGGACAGAGGAGACAGGTGGTGCATGGTTGTCGTCAGCTCGTGTCGTGAGATGTTGGGTTAAGTCCCGCAACGAGCGCAACCCTTGATCTTAGTTGCCAGCAGGTAAGGCTGGGCACTCTAAGGTGACTGCCGGTGACAAACCGGA,NS,P__Firmicutes,
51,OTU315,0.00075,0,-2.8073549220576,11.2137816076192,5.91946528319566,0.0149745024620216,0.0897258537013665,763e804db4fbc6b7a0f25bbf2c3f9bba,P__Chlamydiae,C__Chlamydiia,O__Chlamydiales,,,,GTAGTCCTTGCCGTAAACGATGTGTACTTGATGTATTCGGTCTCAACCCCGAATGTGTCGTAGCTAACGCGATAAGTACACCGCCTGGGGAGTACGCCCGCAAGGGTGAAACTCAAAAGAATTGACGGGGACCCGCACAAGCAGTGGAGCATGTGGTTTAATTCGATGCAACGCGAAGAACCTTACCCAGACTTGACATGTAGAGGGATAGCCTAGAGATAGGCTAGTCCGCAAGGACTTCTACACAGGTGCTGCATGGCTGTCGTCAGCTCGTGCCGTGAGGTGTTGGGTTAAGTCCCGCAACGAGCGCAACCCTTATTGTTAGTTGCCAACAGGTAGTGCTGGGAACTCTAACGAGACTGCCCGGGTTAACCGGGA,NS,P__Others,
52,OTU32,0.02295,0.0180526315789474,-0.344166409389505,14.4559825100358,0.364803307362273,0.545850627894862,0.79038239096181,52c970bc184adb177ecc902cb6f19d1e,P__Proteobacteria,C__Betaproteobacteria,O__Burkholderiales,F__Comamonadaceae,,,GTAGTCCATGCCGTAAACGATGAGTGTTCGCCCTTGGTCTACGCAGATCAGGGGCTCAGCTAACGCGTGAAACACTCCGCCTGGGGAGTACGGTCGCAAGACCGAAACTCAAAGGAATTGACGGGGGCCTGCACAAGCGGTGGAGCATGTGGTTTAATTCGATGCAACGCGAAAAACCTTACCCACCTTTGACATGGCAGGAACTTACCAGAGATGGTTTGGTGCTCGAAAGAGAACCTGCACACAGGTGCTGCATGGCTGTCGTCAGCTCGTGTCGTGAGATGTTGGGTTAAGTCCCGCAACGAGCGCAACCCTTGCCATTAGTTGCTACATTCAGTTGAGCACTCTAATGGGACTGCCGGTGACAAACCGGA,NS,C__Betaproteobacteria,
53,OTU322,0.00105,0,-3.23266075679028,11.3039794165908,6.68712547836071,0.00971116661446386,0.0736430134930176,14298577c47ffe38760568847c931ef3,P__Firmicutes,C__Bacilli,O__Bacillales,F__Paenibacillaceae,G__Paenibacillus,,GTAGTCCACGCCGTAAACGATGAATGCTAGGTGTTAGGGGTTTCGATACCCTTGGTGCCGAAGTTAACACATTAAGCATTCCGCCTGGGGAGTACGGTCGCAAGACTGAAACTCAAAGGAATTGACGGGGACCCGCACAAGCAGTGGAGTATGTGGTTTAATTCGAAGCAACGCGAAGAACCTTACCAGGTCTTGACATCCCTCTGACCGACCTAGAGATAGGTCTTTCCTTCGGGACAGAGGAGACAGGTGGTGCATGGTTGTCGTCAGCTCGTGTCGTGAGATGTTGGGTTAAGTCCCGCAACGAGCGCAACCCTTGATCTTAGTTGCCAGCACTTTGGGTGGGCACTCTAGGATGACTGCCGGTGACAAACCGGA,NS,P__Firmicutes,
54,OTU325,8e-04,0,-2.88752527074159,11.2292116481888,5.62085673263025,0.0177479710618088,0.0897258537013665,64217dba6e799682f3166d600c904b31,P__Firmicutes,C__Bacilli,O__Bacillales,F__Paenibacillaceae,G__Paenibacillus,,GTAGTCCACGCCGTAAACGATGAATGCTAGGTGTTAGGGGTTTCGATACCCTTGGTGCCGAAGTTAACACATTAAGCATTCCGCCTGGGGAGTACGGTCGCAAGACTGAAACTCAAAGGAATTGACGGGGACCCGCACAAGCAGTGGAGTATGTGGTTTAATTCGAAGCAACGCGAAGAACCTTACCAGGTCTTGACATCCCTCTGAAACCACTAGAGATAGTGGCGGCCTTCGGGACAGAGGAGACAGGTGGTGCATGGTTGTCGTCAGCTCGTGTCGTGAGATGTTGGGTTAAGTCCCGCAACGAGCGCAACCCTTGATCTTAGTTGCCAGCACTTTGGGTGGGCACTCTAGGATGACTGCCGGTGACAAACCGGA,NS,P__Firmicutes,
55,OTU33,0.00315,0.001,-1.54156990520778,11.9965508913985,0.820165206711742,0.365131867706088,0.678102040025593,0a44c375479c1ebe2c45a891e851d694,P__Proteobacteria,C__Gammaproteobacteria,O__Pseudomonadales,F__Pseudomonadaceae,G__Pseudomonas,,GTAGTCCACGCCGTAAACGATGTCAACTAGCCGTTGGAAGCCTTGAGCTTTTAGTGGCGCAGCTAACGCATTAAGTTGACCGCCTGGGGAGTACGGCCGCAAGGTTAAAACTCAAATGAATTGACGGGGGCCCGCACAAGCGGTGGAGCATGTGGTTTAATTCGAAGCAACGCGAAGAACCTTACCAGGCCTTGACATCCAATGAACTTTCTAGAGATAGATTGGTGCCTTCGGGAACATTGAGACAGGTGCTGCATGGCTGTCGTCAGCTCGTGTCGTGAGATGTTGGGTTAAGTCCCGTAACGAGCGCAACCCTTGTCCTTAGTTACCAGCACGTCATGGTGGGCACTCTAAGGAGACTGCCGGTGACAAACCGGA,NS,C__Gammaproteobacteria,
56,OTU347,0,0.000526315789473684,2.38142910663602,11.1340544151484,5.63397454684022,0.0176156465215325,0.0897258537013665,15984feea9526e093a4185b2fdfd2e19,P__Firmicutes,C__Bacilli,O__Bacillales,F__Paenibacillaceae,,,GTAGTCCACGCCGTAAACGATGAGTGCTAGGTGTTGGGGGTTTCGATACCCTCGGTGCCGAAGTAAACACAGTAAGCACTCCGCCTGGGGAGTACGCTCGCAAGAGTGAAACTCAAAGGAATTGACGGGGACCCGCACAAGCAGTGGAGTATGTGGTTTAATTCGAAGCAACGCGAAGAACCTTACCAGGTCTTGACATCCCTCTGAATACGTTAGAGATAGCGTAGGCCTTCGGGACAGAGGAGACAGGTGGTGCATGGTTGTCGTCAGCTCGTGTCGTGAGATGTTGGGTTAAGTCCCGCAACGAGCGCAACCCTTGATGTTAGTTGCCAGCACGTAAAGGTGGGCACTCTAAGATGACTGCCGGTGACAAACCGGA,NS,P__Firmicutes,
57,OTU35,0,0.00278947368421053,4.54323537511143,11.7080457980486,10.4827371310422,0.00120495109017973,0.0274126373015889,def9aaf33fc6fea512576f4967cec0c4,P__Proteobacteria,C__Alphaproteobacteria,O__Sphingomonadales,F__Sphingomonadaceae,G__Novosphingobium,,GTAGTCCACGCCGTAAACGATGATAACTAGCTGTCCGGGCACATGGTGTTTGGGTGGCGCAGCTAACGCATTAAGTTATCCGCCTGGGGAGTACGGTCGCAAGATTAAAACTCAAAGGAATTGACGGGGGCCTGCACAAGCGGTGGAGCATGTGGTTTAATTCGAAGCAACGCGCAGAACCTTACCAGCGTTTGACATCCCGCGCTATTACCAGAGATGGTAAGTTCCCTTCGGGGACGCGGTGACAGGTGCTGCATGGCTGTCGTCAGCTCGTGTCGTGAGATGTTGGGTTAAGTCCCGCAACGAGCGCAACCCTCGTCCTTAGTTGCCATCATTCAGTTGGGCACTCTAAGGAAACCGCCGGTGATAAGCCGGA,Enriched,C__Alphaproteobacteria,G__Novosphingobium
58,OTU357,1e-04,0.000526315789473684,1.53343220008107,11.1664758928408,1.72304836045288,0.189301126493473,0.465578446240705,a94c7b6b2a242e8224cf43ebcdde3c5e,P__Firmicutes,C__Bacilli,O__Bacillales,F__Paenibacillaceae,G__Paenibacillus,S__chondroitinus,GTAGTCCACGCCGTAAACGATGCATACTAGGTGTTGGGGATTCGATTCCTCGGTGCCGAAGTTAACACAGTAAGTATGCCGCCTGGGGAGTACGCTCGCAAGAGTGAAACTCAAAGGAATTGACGGGGACCCGCACAAGCAGTGGAGTATGTGGTTTAATTCGAAGCAACGCGAAGAACCTTACCAGGTCTTGACATCCCTCTGAATCCTCTAGAGATAGAGGCGGCCTTCGGGACAGAGGAGACAGGTGGTGCATGGTTGTCGTCAGCTCGTGTCGTGAGATGTTGGGTTAAGTCCCGCAACGAGCGCAACCCTTGATCTTAGTTGCCAGCATGTTATGGTGGGCACTCTAGGATGACTGCCGGTGACAAACCGGA,NS,P__Firmicutes,
59,OTU37,0.01735,0.0253684210526316,0.544832531117302,14.4995815370397,0.840588456629284,0.359228526166259,0.678102040025593,181c311451b8a793fb64d0252f2fa73d,P__Firmicutes,C__Bacilli,O__Bacillales,F__Paenibacillaceae,G__Paenibacillus,S__chondroitinus,GTAGTCCACGCCGTAAACGATGCATACTAGGTGTTGGGGATTCGATTCCTCGGTGCCGAAGTTAACACAGTAAGTATGCCGCCTGGGGAGTACGCTCGCAAGAGTGAAACTCAAAGGAATTGACGGGGACCCGCACAAGCAGTGGAGTATGTGGTTTAATTCGAAGCAACGCGAAGAACCTTACCAGGTCTTGACATCCCGATGTAACACCTAGAGATAGGTGCCCTCTTCGGAGCATTGGAGACAGGTGGTGCATGGTTGTCGTCAGCTCGTGTCGTGAGATGTTGGGTTAAGTCCCGCAACGAGCGCAACCCTTGATCTTAGTTGCCAGCACTTCGGGTGGGCACTCTAAGATGACTGCCGGTGACAAACCGGA,NS,P__Firmicutes,
60,OTU371,2e-04,0.000473684210526316,0.88135550350138,11.1824174367098,0.475170213555696,0.490618194855615,0.783267644418614,12bb43bb6185365645cd6f0ca690ebf1,P__Proteobacteria,C__Alphaproteobacteria,O__Sphingomonadales,F__Sphingomonadaceae,G__Novosphingobium,S__resinovorum,GTAGTCCATGCCGTAAACGATGAGTGTTCGCCCTTGGTCTACGCAGATCAGGGGCTCAGCTAACGCGTGAAACACTCCGCCTGGGGAGTACGGTCGCAAGATTAAAACTCAAAGGAATTGACGGGGGCCTGCACAAGCGGTGGAGCATGTGGTTTAATTCGAAGCAACGCGCAGAACCTTACCAGCGTTTGACATCCTCATCGCGGATTAGAGAGATCTTTTCCTTCAGTTCGGCTGGATGAGTGACAGGTGCTGCATGGCTGTCGTCAGCTCGTGTCGTGAGATGTTGGGTTAAGTCCCGCAACGAGCGCAACCCTCGTCCTTAGTTGCCAGCATTTAGTTGGGCACTCTAAGGAAACTGCCGGTGATAAGCCGGA,NS,C__Alphaproteobacteria,
61,OTU374,0.00055,5.26315789473684e-05,-1.92599941855622,11.1664758928408,1.98392407506524,0.158977623290722,0.452092616232989,3650963f852dd7b35a47e61bf3df08e3,P__Firmicutes,C__Bacilli,O__Bacillales,F__Bacillaceae,G__Bacillus,,GTAGTCCACGCCGTAAACGATGAGTGCTAAGTGTTAGAGGGTTTCCGCCCTTTAGTGCTGCAGCTAACGCATTAAGCACTCCGCCTGGGGAGTACGACCGCAAGGTTGAAACTCAAAGGAATTGACGGGGGCCCGCACAAGCGGTGGAGCATGTGGTTTAATTCGAAGCAACGCGAAGAACCTTACCAGGTCTTGACATCCTCTGACACTCCTAGAGATAGGACGTTCCCCTTCGGGGGACAGAGTGACAGGTGGTGCATGGTTGTCGTCAGCTCGTGTCGTGAGATGTTGGGTTAAGTCCCGCAACGAGCGCAACCCTTGATCTTAGTTGCCAGCATTCAGTTGGGCACTCTAAGGTGACTGCCGGTGACAAACCGGA,NS,P__Firmicutes,
62,OTU38,0.0211,0.0201052631578947,-0.0692494669952974,14.4592576420687,0.0137315101447761,0.906716205799157,0.916790830308037,3ec2d905423dccb0a86632a2cd1af873,P__Firmicutes,C__Bacilli,O__Bacillales,F__Paenibacillaceae,G__Paenibacillus,,GTAGTCCACGCCGTAAACGATGAATGCTAGGTGTTAGGGGTTTCGATACCCTTGGTGCCGAAGTTAACACATTAAGCATTCCGCCTGGGGAGTACGGTCGCAAGACTGAAACTCAAAGGAATTGACGGGGACCCGCACAAGCAGTGGAGTATGTGGTTTAATTCGAAGCAACGCGAAGAACCTTACCAGGTCTTGACATCCCTCTGACCGTCCTAGAGATAGGGCTTTCCTTCGGGACAGAGGAGACAGGTGGTGCATGGTTGTCGTCAGCTCGTGTCGTGAGATGTTGGGTTAAGTCCCGCAACGAGCGCAACCCTTGATCTTAGTTGCCAGCACTTTGGGTGGGCACTCTAGGATGACTGCCGGTGACAAACCGGA,NS,P__Firmicutes,
63,OTU387,0.00065,0.000263157894736842,-0.997552679581256,11.2595852972323,0.40406253627229,0.524998616878335,0.79038239096181,a3c3e9308d1ceef0ee85870a5dbe204c,P__Proteobacteria,C__Alphaproteobacteria,O__Rhizobiales,F__Methylobacteriaceae,,,GTAGTCCACGCCGTAAACGATGAATGCCAGCCGTTGGCCTGCTTGCAGGTCAGTGGCGCCGCTAACGCATTAAGCATTCCGCCTGGGGAGTACGGTCGCAAGATTAAAACTCAAAGGAATTGACGGGGGCCCGCACAAGCGGTGGAGCATGTGGTTTAATTCGAAGCAACGCGCAGAACCTTACCATCCCTTGACATGGCATGTTACCTCGAGAGATCGGGGATCCTCTTCGGAGGCGTGCACACAGGTGCTGCATGGCTGTCGTCAGCTCGTGTCGTGAGATGTTGGGTTAAGTCCCGCAACGAGCGCAACCCACGTCCTTAGTTGCCATCATTTAGTTGGGCACTCTAGGGAGACTGCCGGTGATAAGCCGCGA,NS,C__Alphaproteobacteria,
64,OTU40,0.01515,0.0222105263157895,0.548167870757142,14.3238789740285,0.716683671140402,0.397233884325254,0.708789872031335,ba58895d117a35fc7565bfa3fa18e7bf,P__Firmicutes,C__Bacilli,O__Bacillales,F__Paenibacillaceae,G__Paenibacillus,,GTAGTCCACGCCGTAAACGATGAATGCTAGGTGTTAGGGGTTTCGATACCCTTGGTGCCGAAGTTAACACATTAAGCATTCCGCCTGGGGAGTACGGTCGCAAGACTGAAACTCAAAGGAATTGACGGGGACCCGCACAAGCAGTGGAGTATGTGGTTTAATTCGAAGCAACGCGAAGAACCTTACCAGGTCTTGACATCCCTCTGACCGTCCTAGAGATAGGGCTTTCCTTCGGGACAGAGGAGACAGGTGGTGCATGGTTGTCGTCAGCTCGTGTCGTGAGATGTTGGGTTAAGTCCCGCAACGAGCGCAACCCTTGATCTTAGTTGCCAGCACTTCGGGTGGGCACTCTAGGATGACTGCCGGTGACAAACCGGA,NS,P__Firmicutes,
65,OTU403,0.00025,0.000421052631578947,0.542149417182183,11.1824174367098,0.1498091182373,0.698717838501922,0.838239582837826,3ab273eba08d3eb13919f47fb73d7429,P__Proteobacteria,C__Alphaproteobacteria,O__Rhizobiales,F__Bradyrhizobiaceae,G__Bradyrhizobium,,GTAGTCCACGCCGTAAACGATGAATGCCAGCCGTTAGTGGGTTTACTCACTAGTGGCGCAGCTAACGCTTTAAGCATTCCGCCTGGGGAGTACGGTCGCAAGATTAAAACTCAAAGGAATTGACGGGGGCCCGCACAAGCGGTGGAGCATGTGGTTTAATTCGACGCAACGCGCAGAACCTTACCAGCCCTTGACATGTCCAGGACCGGTCGCAGAGATGTGACCTTCTCTTCGGAGCCTGGAACACAGGTGCTGCATGGCTGTCGTCAGCTCGTGTCGTGAGATGTTGGGTTAAGTCCCGCAACGAGCGCAACCCCCGTCCTTAGTTGCTACCATTTAGTTGAGCACTCTAAGGAGACTGCCGGTGATAAGCCGCGA,NS,C__Alphaproteobacteria,
66,OTU411,0.00035,0.000315789473684211,-0.107837741542036,11.1824174367098,0.00590914797276909,0.938726181717887,0.938726181717887,9e2a2765be77703746c7559c38a6fbd5,P__Firmicutes,C__Bacilli,O__Bacillales,F__Paenibacillaceae,G__Paenibacillus,S__chondroitinus,GTAGTCCACGCCGTAAACGATGTATGCTAGGTGTTAGGGGTTTCGATGCCCTTGGTGCCGAAGTTAACACAGTAAGCATACCGCCTGGGGAGTACGCTCGCAAGAGTGAAACTCAAAGGAATTGACGGGGACCCGCACAAGCAGTGGAGTATGTGGTTTAATTCGAAGCAACGCGAAGAACCTTACCAGGTCTTGACATCCCGATGTAACGCCTAGAGATAGGTGCCCTCTTCGGAGCATTGGAGACAGGTGGTGCATGGTTGTCGTCAGCTCGTGTCGTGAGATGTTGGGTTAAGTCCCGCAACGAGCGCAACCCTTGATCTTAGTTGCCAGCACTTTGGGTGGGCACTCTAAGATGACTGCCGGTGACAAACCGGA,NS,P__Firmicutes,
67,OTU421,0.00035,0.000210526315789474,-0.501501590028313,11.1503562274776,0.1404335040045,0.707850430469827,0.838239582837826,57fae16b2cae3776ea2a4cec94ec34b8,P__Firmicutes,C__Bacilli,O__Bacillales,F__Paenibacillaceae,G__Paenibacillus,S__chondroitinus,GTAGTCCACGCCGTAAACGATGCATACTAGGTGTCAGGGGTTTCGATGCCCTTGGTGCCGAAGTTAACACAGTAAGTATGCCGCCTGGGGAGTACGCTCGCAAGAGTGAAACTCAAAGGAATTGACGGGGACCCGCACAAGCAGTGGAGTATGTGGTTTAATTCGAAGCAACGCGAAGAACCTTACCAGGTCTTGACATCCCGATGTAACACCTAGAGATAGGTGCCCTCTTCGGAGCATTGGAGACAGGTGGTGCATGGTTGTCGTCAGCTCGTGTCGTGAGATGTTGGGTTAAGTCCCGCAACGAGCGCAACCCTTGATCTTAGTTGCCAGCACTTCGGGTGGGCACTCTAAGATGACTGCCGGTGACAAACCGGA,NS,P__Firmicutes,
68,OTU438,0.00055,0.000157894736842105,-1.25462216601759,11.1981847525682,0.669336460772623,0.41328304267092,0.72324532467411,a9306a3d433b68561c75374492161a38,P__Proteobacteria,C__Gammaproteobacteria,O__Pseudomonadales,F__Pseudomonadaceae,G__Pseudomonas,,GTAGTCCACGCCGTAAACGATGTCAACTAGCCGTTGGAAGCCTTGAGCTTTTAGTGGCGCAGCTAACGCATTAAGTTGACCGCCTGGGGAGTACGGCCGCAAGGTTAAAACTCAAATGAATTGACGGGGGCCCGCACAAGCGGTGGAGCATGTGGTTTAATTCGAAGCAACGCGAAGAACCTTACCAGGCCTTGACATCCAATGAACTTTCCAGAGATGGATTGGTGCCTTCGGGAACATTGAGACAGGTGCTGCATGGCTGTCGTCAGCTCGTGTCGTGAGATGTTGGGTTAAGTCCCGTAACGAGCGCAACCCTTGTCCTTAGTTACCAGCACGTTATGGTGGGCACTCTAAGGAGACTGCCGGTGACAAACCGGA,NS,C__Gammaproteobacteria,
69,OTU45,0.01395,0.000157894736842105,-5.63672577593436,13.1664758928408,16.9823747869888,3.77284323003862e-05,0.00343328733933514,e2c280fef2a1d2e0b0c762ca1256cda7,P__Actinobacteria,C__Actinobacteria,O__Actinomycetales,F__Nocardiaceae,G__Rhodococcus,,GTAGTCCACGCCGTAAACGGTGGGCGCTAGGTGTGGGTTCCTTCCACGGAATCCGTGCCGTAGCTAACGCATTAAGCGCCCCGCCTGGGGAGTACGGCCGCAAGGCTAAAACTCAAAGGAATTGACGGGGGCCCGCACAAGCGGCGGAGCATGTGGATTAATTCGATGCAACGCGAAGAACCTTACCTGGGTTTGACATATACCGGAAAGCTGCAGAGATGTGGCCCCCCTTGTGGTCGGTATACAGGTGGTGCATGGCTGTCGTCAGCTCGTGTCGTGAGATGTTGGGTTAAGTCCCGCAACGAGCGCAACCCCTATCTTATGTTGCCAGCACGTTATGGTGGGGACTCGTAAGAGACTGCCGGGGTCAACTCGGA,Depleted,P__Actinobacteria,G__Rhodococcus
70,OTU46,0.00715,0.0117368421052632,0.705308919967835,13.4690386628613,1.06023522657422,0.303161541366082,0.613060005873632,e54a7e0ad9d141e0dca1c5f2ee616c62,P__Proteobacteria,C__Alphaproteobacteria,O__Sphingomonadales,F__Sphingomonadaceae,G__Novosphingobium,S__resinovorum,GTAGTCCATGCCGTAAACGATGAGTGTTCGCCCTTGGTCTACGCAGATCAGGGGCTCAGCTAACGCGTGAAACACTCCGCCTGGGGAGTACGGTCGCAAGACCGAAACTCAAAGGAATTGACGGGGGCCTGCACAAGCGGTGGAGCATGTGGTTTAATTCGAAGCAACGCGCAGAACCTTACCAGCGTTTGACATCCTCATCGCGGATTAGAGAGATCTTTTCCTTCAGTTCGGCTGGATGAGTGACAGGTGCTGCATGGCTGTCGTCAGCTCGTGTCGTGAGATGTTGGGTTAAGTCCCGCAACGAGCGCAACCCTCGTCCTTAGTTGCCAGCATTCAGTTGGGCACTCTAAGGAAACTGCCGGTGATAAGCCGGA,NS,C__Alphaproteobacteria,
71,OTU474,5e-04,0,-2.32192809488736,11.1340544151485,4.38913609648829,0.0361686355492183,0.143101992825168,79091c8a4458115db7eda895a211fada,P__Firmicutes,C__Bacilli,O__Bacillales,F__Paenibacillaceae,G__Paenibacillus,,GTAGTCCACGCCGTAAACGATGAATGCTAGGTGTTAGGGGTTTCGATACCCTTGGTGCCGAAGTTAACACATTAAGCATTCCGCCTGGGGAGTACGGTCGCAAGACTGAAACTCAAAGGAATTGACGGGGACCCGCACAAGCAGTGGAGTATGTGGTTTAATTCGAAGCAACGCGAAGAACCTTACCAGGTCTTGACATCCCTCTGATCGTCCTAGAGATAGGGCTTTCCTTCGGGACAGAGGAGACAGGTGGTGCATGGTTGTCGTCAGCTCGTGTCGTGAGATGTTGGGTTAAGTCCCGCAACGAGCGCAACCCTTGATCTTAGTTGCCAGCATTTCGGATGGGCACTCTAGGATGACTGCCGGTGACAAACCGGA,NS,P__Firmicutes,
72,OTU49,0.00185,0.000315789473684211,-2.16369097627555,11.5934860337857,1.74098548930691,0.187014007169104,0.465578446240705,74b61b3132363cd2bb08e6a3945fd9cc,P__Proteobacteria,C__Betaproteobacteria,O__Burkholderiales,F__Oxalobacteraceae,G__Telluria,S__mixta,GTAGTCCACGCCCTAAACGATGTCTACTAGTTGTCGGGTCTTAATTGACTTGGTAACGCAGCTAACGCGTGAAGTAGACCGCCTGGGGAGTACGGTCGCAAGATTAAAACTCAAAGGAATTGACGGGGACCCGCACAAGCGGTGGATGATGTGGATTAATTCGATGCAACGCGAAAAACCTTACCTACCCTTGACATGTCAGGAACCTCCGAGAGATTGGAGGGTGCCCGAAAGGGAGCCTGAACACAGGTGCTGCATGGCTGTCGTCAGCTCGTGTCGTGAGATGTTGGGTTAAGTCCCGCAACGAGCGCAACCCTTGTCATTAGTTGCTACGAAAGGGCACTCTAATGAGACTGCCGGTGACAAACCGGA,NS,C__Betaproteobacteria,
73,OTU5,0.0139,0.00068421052631579,-4.11534187382578,13.2020998025716,4.43349988184416,0.0352401754138623,0.143101992825168,54e920928fd0ce9dd763bf0ae9f1f331,P__Proteobacteria,C__Gammaproteobacteria,O__Enterobacteriales,F__Enterobacteriaceae,,,GTAGTCCACGCCGTAAACGATGTCGACTTGGAGGTTGTGCCCTTGAGGCGTGGCTTCCGGAGCTAACGCGTTAAGTCGACCGCCTGGGGAGTACGGCCGCAAGGTTAAAACTCAAATGAATTGACGGGGGCCCGCACAAGCGGTGGAGCATGTGGTTTAATTCGATGCAACGCGAAGAACCTTACCTGGTCTTGACATCCACGGAAGTTTTCAGAGATGAGAATGTGCCTTCGGGAACCGTGAGACAGGTGCTGCATGGCTGTCGTCAGCTCGTGTTGTGAAATGTTGGGTTAAGTCCCGCAACGAGCGCAACCCTTATCCTTTGTTGCCAGCGGTCCGGCCGGGAACTCAAAGGAGACTGCCAGTGATAAACTGGA,NS,C__Gammaproteobacteria,
74,OTU51,0.00715,0.00868421052631579,0.276065483859803,13.2670798337792,0.145268492037896,0.70309859641753,0.838239582837826,a9a2f516772eec4cc7d1d01cf8ea1c90,P__Proteobacteria,C__Alphaproteobacteria,O__Sphingomonadales,F__Sphingomonadaceae,G__Novosphingobium,S__resinovorum,GTAGTCCATGCCGTAAACGATGAGTGTTCGCCCTTGGTCTACGCAGATCAGGGGCTCAGCTAACGCGTGAAACACTCCGCCTGGGGAGTACGGTCGCAAGACCGAAACTCAAAGGAATTGACGGGGGCCTGCACAAGCGGTGGAGCATGTGGTTTAATTCGAAGCAACGCGCAGAACCTTACCAGCGTTTGACATCCTCATCGCGGATTAGAGAGATCTTTTCCTTCAGTTCGGCTGGATGAGTGACAGGTGCTGCATGGCTGTCGTCAGCTCGTGTCGTGAGATGTTGGGTTAAGTCCCGCAACGAGCGCAACCCTCGTCCTTAGTTGCCAGCATTTAGTTGGGCACTCTAAGGAAACTGCCGGTGATAAGCCGGA,NS,C__Alphaproteobacteria,
75,OTU513,0.00055,0,-2.43295940727611,11.1503562274776,4.5601983218957,0.032723283934162,0.141800897048035,f349dc8cce5116cfd3745237f9c34d54,P__Actinobacteria,C__Actinobacteria,O__Actinomycetales,F__Microbacteriaceae,G__Clavibacter,S__michiganensis,GTAGTCCATGCCGTAAACGTTGGGAACTAGATGTGGGGACCATTCCACGGTCTCCGTGTCGCAGCTAACGCATTAAGTTCCCCGCCTGGGGAGTACGGCCGCAAGGCTAAAACTCAAAGGAATTGACGGGGGCCCGCACAAGCGGCGGAGCATGCGGATTAATTCGATGCAACGCGAAGAACCTTACCAAGGCTTGACATATACCGGAAACATGCAGAAATGTGTGCCCCGTAAGGTCGGTATACAGGTGGTGCATGGTTGTCGTCAGCTCGTGTCGTGAGATGTTGGGTTAAGTCCCGCAACGAGCGCAACCCTCGTTCTATGTTGCCAGCACGTAATGGTGGGAACTCATAGGAGACTGCCGGGGTCAACTCGGA,NS,P__Actinobacteria,
76,OTU52,0.00585,0.00847368421052632,0.525177199258461,13.1503562274776,0.48412368234818,0.486560371476061,0.783267644418614,1e8e7927b20849486aea5b4eea4bb46e,P__Firmicutes,C__Bacilli,O__Bacillales,F__Paenibacillaceae,G__Paenibacillus,S__chondroitinus,GTAGTCCACGCCGTAAACGATGTATGCTAGGTGTCAGGGGTTTCGATGCCCTTGGTGCCGAAGTTAACACAGTAAGCATACCGCCTGGGGAGTACGCTCGCAAGAGTGAAACTCAAAGGAATTGACGGGGACCCGCACAAGCAGTGGAGTATGTGGTTTAATTCGAAGCAACGCGAAGAACCTTACCAGGTCTTGACATCCCGATGTAACGCCTAGAGATAGGTGCCCTCTTCGGAGCATTGGAGACAGGTGGTGCATGGTTGTCGTCAGCTCGTGTCGTGAGATGTTGGGTTAAGTCCCGCAACGAGCGCAACCCTTGATCTTAGTTGCCAGCACTTTGGGTGGGCACTCTAAGATGACTGCCGGTGACAAACCGGA,NS,P__Firmicutes,
77,OTU53,0.00235,0.00157894736842105,-0.538547750949278,11.9507472017854,0.16381614762253,0.685667110747889,0.838239582837826,ff1f10162df5177b14455211b6e836e1,P__Firmicutes,C__Bacilli,O__Bacillales,F__Paenibacillaceae,G__Paenibacillus,,GTAGTCCACGCCGTAAACGATGAATGCTAGGTGTTAGGGGTTTCGATACCCTTGGTGCCGAAGTTAACACATTAAGCATTCCGCCTGGGGAGTACGGTCGCAAGACTGAAACTCAAAGGAATTGACGGGGACCCGCACAAGCAGTGGAGTATGTGGTTTAATTCGAAGCAACGCGAAGAACCTTACCAGGTCTTGACATCCCTCTGAATCCACTAGAGATAGTGGCGGCCTTCGGGACAGAGGAGACAGGTGGTGCATGGTTGTCGTCAGCTCGTGTCGTGAGATGTTGGGTTAAGTCCCGCAACGAGCGCAACCCTTGATCTTAGTTGCCAGCACTTTGGGTGGGCACTCTAGGATGACTGCCGGTGACAAACCGGA,NS,P__Firmicutes,
78,OTU54,0.00505,0.0115789473684211,1.17736441921161,13.3148677327335,1.88184402910852,0.170124709747121,0.456653958015018,d5d5ebc34ed830ece9a873c04f4541bf,P__Firmicutes,C__Bacilli,O__Bacillales,F__Paenibacillaceae,G__Paenibacillus,S__chondroitinus,GTAGTCCACGCCGTAAACGATGCATACTAGGTGTCGGGGATTCGATTTCTCGGTGCCGAAGTTAACACAGTAAGTATGCCGCCTGGGGAGTACGCTCGCAAGAGTGAAACTCAAAGGAATTGACGGGGACCCGCACAAGCAGTGGAGTATGTGGTTTAATTCGAAGCAACGCGAAGAACCTTACCAGGTCTTGACATCCCTCTGAATCCTCTAGAGATAGAGGCGGCCTTCGGGACAGAGGAGACAGGTGGTGCATGGTTGTCGTCAGCTCGTGTCGTGAGATGTTGGGTTAAGTCCCGCAACGAGCGCAACCCTTGATCTTAGTTGCCAGCATGTTATGGTGGGCACTCTAGGATGACTGCCGGTGACAAACCGGA,NS,P__Firmicutes,
79,OTU55,0.0043,0.006,0.469032388919573,12.7935638692347,0.313528076834274,0.575523242948851,0.805732540128391,585610ea232dc37e5ee70c8ddfc2ccda,P__Firmicutes,C__Bacilli,O__Bacillales,F__Paenibacillaceae,G__Paenibacillus,S__chondroitinus,GTAGTCCACGCCGTAAACGATGCATACTAGGTGTTGGGGATTCGATTCCTCGGTGCCGAAGTTAACACAGTAAGTATGCCGCCTGGGGAGTACGCTCGCAAGAGTGAAACTCAAAGGAATTGACGGGGACCCGCACAAGCAGTGGAGTATGTGGTTTAATTCGAAGCAACGCGAAGAACCTTACCAGGTCTTGACATCCCTCTGAATATCCTAGAGATAGGGTAGGCCTTCGGGACAGAGGAGACAGGTGGTGCATGGTTGTCGTCAGCTCGTGTCGTGAGATGTTGGGTTAAGTCCCGCAACGAGCGCAACCCTTGATCTTAGTTGCCAGCATTTCGGATGGGCACTCTAAGATGACTGCCGGTGACAAACCGGA,NS,P__Firmicutes,
80,OTU6,0.04975,0.0363157894736842,-0.45276262650261,15.4584395558313,0.569383631811952,0.450503948666447,0.773506779785786,da728bba35d80a883229bb20bba80621,P__Proteobacteria,C__Alphaproteobacteria,O__Rhizobiales,F__Rhizobiaceae,G__Agrobacterium,,GTAGTCCACGCCGTAAACGATGAATGTTAGCCGTCGGCAAGTTTACTTGTCGGTGGCGCAGCTAACGCATTAAACATTCCGCCTGGGGAGTACGGTCGCAAGATTAAAACTCAAAGGAATTGACGGGGGCCCGCACAAGCGGTGGAGCATGTGGTTTAATTCGAAGCAACGCGCAGAACCTTACCAGCCCTTGACATGCCCGGCTCGCCACAGAGATGTGGTTTTCCCTTCGGGGACCGGGACACAGGTGCTGCATGGCTGTCGTCAGCTCGTGTCGTGAGATGTTGGGTTAAGTCCCGCAACGAGCGCAACCCTCGCCCTTAGTTGCCAGCATTTGGTTGGGCACTCTAAGGGGACTGCCGGTGATAAGCCGAGA,NS,C__Alphaproteobacteria,
81,OTU61,0.0042,0.00463157894736842,0.13722419075817,12.6404070811732,0.0170224887757691,0.896194381982051,0.916333581577153,b85a9d5421f841ca4450cd6e411b0c76,P__Firmicutes,C__Bacilli,O__Bacillales,F__Paenibacillaceae,G__Paenibacillus,S__chondroitinus,GTAGTCCACGCCGTAAACGATGCATACTAGGTGTTGGGGATTCGATTCCTCGGTGCCGAAGTTAACACAGTAAGTATGCCGCCTGGGGAGTACGCTCGCAAGAGTGAAACTCAAAGGAATTGACGGGGACCCGCACAAGCAGTGGAGTATGTGGTTTAATTCGAAGCAACGCGAAGAACCTTACCAGGTCTTGACATCTGGGTGTAAGCACTAGAGATAGTGCCCCTCTTCGGAGCACCCAAGACAGGTGGTGCATGGTTGTCGTCAGCTCGTGTCGTGAGATGTTGGGTTAAGTCCCGCAACGAGCGCAACCCTTGATCTTAGTTGCCAGCACTTCGGGTGGGCACTCTAAGATGACTGCCGGTGACAAACCGGA,NS,P__Firmicutes,
82,OTU68,0.0052,0.00857894736842105,0.708888307496616,13.1050753481767,0.779095748114404,0.377417834878251,0.686900459478417,65d961a9b3de4ac1c53be85d50c547ed,P__Firmicutes,C__Bacilli,O__Bacillales,F__Paenibacillaceae,G__Paenibacillus,S__chondroitinus,GTAGTCCACGCCGTAAACGATGCATACTAGGTGTTGGGGATTCGATTCCTCGGTGCCGAAGTTAACACAGTAAGTATGCCGCCTGGGGAGTACGCTCGCAAGAGTGAAACTCAAAGGAATTGACGGGGACCCGCACAAGCAGTGGAGTATGTGGTTTAATTCGAAGCAACGCGAAGAACCTTACCAGGTCTTGACATCCCGATGTAACGCCTAGAGATAGGCGCCCTCTTCGGAGCATTGGAGACAGGTGGTGCATGGTTGTCGTCAGCTCGTGTCGTGAGATGTTGGGTTAAGTCCCGCAACGAGCGCAACCCTTGATCTTAGTTGCCAGCACTTCGGGTGGGCACTCTAAGATGACTGCCGGTGACAAACCGGA,NS,P__Firmicutes,
83,OTU7,0.02365,0.0303157894736842,0.356560434148509,14.8128945966834,0.298305323418617,0.584946786342463,0.806517538744911,df225125c7482a416e50f080bd8e0137,P__Proteobacteria,C__Betaproteobacteria,O__Burkholderiales,F__Burkholderiaceae,G__Pandoraea,,GTAGTCCACGCCCTAAACGATGTCAACTAGTTGTTGGGGATTCATTTCCTTAGTAACGAAGCTAACGCGTGAAGTTGACCGCCTGGGGAGTACGGTCGCAAGATTAAAACTCAAAGGAATTGACGGGGACCCGCACAAGCGGTGGATGATGTGGATTAATTCGATGCAACGCGAAAAACCTTACCTACCCTTGACATGTACGGAATCCTGCTGAGAGGTGGGAGTGCTCGAAAGAGAACCGTAACACAGGTGCTGCATGGCTGTCGTCAGCTCGTGTCGTGAGATGTTGGGTTAAGTCCCGCAACGAGCGCAACCCTTGTCCTTAGTTGCTACGCAAGAGCACTCTAGGGAGACTGCCGGTGACAAACCGGA,NS,C__Betaproteobacteria,
84,OTU71,0.00165,0.00215789473684211,0.363045314517356,11.9225503099547,0.0832288349158894,0.772968560496354,0.838239582837826,adb700c12756f747acedb92d9356ff4c,P__Proteobacteria,C__Betaproteobacteria,O__Burkholderiales,F__Comamonadaceae,G__Comamonas,,GTAGTCCACGCCCTAAACGATGTCAACTGGTTGTTGGGAATTCACTTTCTCAGTAACGAAGCTAACGCGTGAAGTTGACCGCCTGGGGAGTACGGCCGCAAGGTTGAAACTCAAAGGAATTGACGGGGACCCGCACAAGCGGTGGATGATGTGGTTTAATTCGATGCAACGCGAAAAACCTTACCCACCTTTGACATGGCAGGAACTTACCAGAGATGGTTTGGTGCTCGAAAGAGAACCTGCACACAGGTGCTGCATGGCTGTCGTCAGCTCGTGTCGTGAGATGTTGGGTTAAGTCCCGCAACGAGCGCAACCCTTGCCATTAGTTGCTACATTCAGTTGAGCACTCTAATGGGACTGCCGGTGACAAACCGGA,NS,C__Betaproteobacteria,
85,OTU73,0.00355,0.00878947368421053,1.27840537284865,12.9784035446883,1.6165469682845,0.20357393653708,0.487506005917744,78aa7af7b017ab831bdb5f3f9c083244,P__Firmicutes,C__Bacilli,O__Bacillales,F__Paenibacillaceae,G__Paenibacillus,S__chondroitinus,GTAGTCCACGCCGTAAACGATGCATACTAGGTGTCGGGGATTCGATTTCTCGGTGCCGAAGTTAACACAGTAAGTATGCCGCCTGGGGAGTACGCTCGCAAGAGTGAAACTCAAAGGAATTGACGGGGACCCGCACAAGCAGTGGAGTATGTGGTTTAATTCGAAGCAACGCGAAGAACCTTACCAGGTCTTGACATCCCGATGTAACACCTAGAGATAGGTGCCCTCTTCGGAGCATTGGAGACAGGTGGTGCATGGTTGTCGTCAGCTCGTGTCGTGAGATGTTGGGTTAAGTCCCGCAACGAGCGCAACCCTTGATCTTAGTTGCCAGCACTTCGGGTGGGCACTCTAGGATGACTGCCGGTGACAAACCGGA,NS,P__Firmicutes,
86,OTU77,0.0036,0.00952631578947368,1.37348521665501,13.0453102033184,1.82867876348493,0.176283683089832,0.458337576033563,ab17296e09e0f7bccf0ea997d44abd91,P__Firmicutes,C__Bacilli,O__Bacillales,F__Paenibacillaceae,G__Paenibacillus,S__chondroitinus,GTAGTCCACGCCGTAAACGATGCATACTAGGTGTCGGGGATTCGATTTCTCGGTGCCGAAGTTAACACAGTAAGTATGCCGCCTGGGGAGTACGCTCGCAAGAGTGAAACTCAAAGGAATTGACGGGGACCCGCACAAGCAGTGGAGTATGTGGTTTAATTCGAAGCAACGCGAAGAACCTTACCAGGTCTTGACATCCCTCTGAATCCTCTAGAGATAGAGGCGGCCTTCGGGACAGAGGAGACAGGTGGTGCATGGTTGTCGTCAGCTCGTGTCGTGAGATGTTGGGTTAAGTCCCGCAACGAGCGCAACCCTTGATCTTAGTTGCCAGCACTTCGGGTGGGCACTCTAGGATGACTGCCGGTGACAAACCGGA,NS,P__Firmicutes,
87,OTU78,7e-04,0.000157894736842105,-1.54412878321258,11.2444784048421,0.936964040925153,0.333059837584577,0.644860536599925,703ca461c1332f98e7b275f7e156ab0f,P__Proteobacteria,C__Gammaproteobacteria,O__Pseudomonadales,F__Pseudomonadaceae,G__Pseudomonas,,GTAGTCCACGCCGTAAACGATGTCAACTAGCCGTTGGAAGCCTTGAGCTTTTAGTGGCGCAGCTAACGCATTAAGTTGACCGCCTGGGGAGTACGGCCGCAAGGTTAAAACTCAAATGAATTGACGGGGGCCCGCACAAGCGGTGGAGCATGTGGTTTAATTCGAAGCAACGCGAAGAACCTTACCAGGCCTTGACATCCAATGAACTTTCTAGAGATAGATTGGTGCCTTCGGGAACATTGAGACAGGTGCTGCATGGCTGTCGTCAGCTCGTGTCGTGAGATGTTGGGTTAAGTCCCGTAACGAGCGCAACCCTTGTCCTTAGTTACCAGCGCGTCATGGTGGGCACTCTAAGGAGACTGCCGGTGACAAACCGGA,NS,C__Gammaproteobacteria,
88,OTU8,0.02345,0.0472631578947368,1.00726880972025,15.1714765738992,2.91441629306099,0.08779117312601,0.319559870178676,11f4e7ca3fb618f5a83d24db4e9b311c,P__Proteobacteria,C__Betaproteobacteria,O__Burkholderiales,F__Comamonadaceae,G__Variovorax,S__paradoxus,GTAGTCCACGCCCTAAACGATGTCAACTGGTTGTTGGGAATTCACTTTCTCAGTAACGAAGCTAACGCGTGAAGTTGACCGCCTGGGGAGTACGGCCGCAAGGTTGAAACTCAAAGGAATTGACGGGGACCCGCACAAGCGGTGGATGATGTGGTTTAATTCGATGCAACGCGAAAAACCTTACCCACCTTTGACATGTACGGAATTCGCCAGAGATGGCTTAGTGCTCGAAAGAGAACCGTAACACAGGTGCTGCATGGCTGTCGTCAGCTCGTGTCGTGAGATGTTGGGTTAAGTCCCGCAACGAGCGCAACCCTTGTCATTAGTTGCTACATTCAGTTGGGCACTCTAATGAGACTGCCGGTGACAAACCGGA,NS,C__Betaproteobacteria,
89,OTU80,0.0046,0.00621052631578947,0.423150145066164,12.8445477979535,0.174133334734954,0.676464207105347,0.838239582837826,ad2ec38f40f99cf6e353eec7750bf55a,P__Firmicutes,C__Bacilli,O__Bacillales,F__Paenibacillaceae,G__Paenibacillus,S__chondroitinus,GTAGTCCACGCCGTAAACGATGCATACTAGGTGTCGGGGATTCGATTTCTCGGTGCCGAAGTTAACACAGTAAGTATGCCGCCTGGGGAGTACGCTCGCAAGAGTGAAACTCAAAGGAATTGACGGGGACCCGCACAAGCAGTGGAGTATGTGGTTTAATTCGAAGCAACGCGAAGAACCTTACCAGGTCTTGACATCCCTCTGAATCCTCTAGAGATAGAGGCGACCTTCGGGACAGAGGAGACAGGTGGTGCATGGTTGTCGTCAGCTCGTGTCGTGAGATGTTGGGTTAAGTCCCGCAACGAGCGCAACCCTTGATCTTAGTTGCCAGCACTTCGGGTGGGCACTCTAGGATGACTGCCGGTGACAAACCGGA,NS,P__Firmicutes,
90,OTU9,0.03775,0.0564736842105263,0.57952262551373,15.5709552004211,1.25314416107022,0.262952808147806,0.583626964425618,09ec497795ae35c3c97c2fbe9fb741c7,P__Firmicutes,C__Bacilli,O__Bacillales,F__Paenibacillaceae,G__Paenibacillus,S__chondroitinus,GTAGTCCACGCCGTAAACGATGCATACTAGGTGTTGGGGATTCGATTCCTCGGTGCCGAAGTTAACACAGTAAGTATGCCGCCTGGGGAGTACGCTCGCAAGAGTGAAACTCAAAGGAATTGACGGGGACCCGCACAAGCAGTGGAGTATGTGGTTTAATTCGAAGCAACGCGAAGAACCTTACCAGGTCTTGACATCCCTCTGAATATCCTAGAGATAGGGTAGGCCTTCGGGACAGAGGAGACAGGTGGTGCATGGTTGTCGTCAGCTCGTGTCGTGAGATGTTGGGTTAAGTCCCGCAACGAGCGCAACCCTTGATCTTAGTTGCCAGCACTTCGGGTGGGCACTCTAAGATGACTGCCGGTGACAAACCGGA,NS,P__Firmicutes,
91,OTU96,0.0019,0.00110526315789474,-0.718954961553211,11.7726548794717,0.255923229103182,0.612934887919095,0.83249365374086,9cde2a396d5b121c168ae9fecdee2cd5,P__Proteobacteria,C__Gammaproteobacteria,O__Pseudomonadales,F__Pseudomonadaceae,G__Pseudomonas,,GTAGTCCACGCCGTAAACGATGTCAACTAGCCGTTGGAAGCCTTGAGCTTTTAGTGGCGCAGCTAACGCATTAAGTTGACCGCCTGGGGAGTACGGCCGCAAGGTTAAAACTCAAATGAATTGACGGGGGCCCGCACAAGCGGTGGAGCATGTGGTTTAATTCGAAGCAACGCGAAGAACCTTACCAGGCCTTGACATCCAATGAACTTTCTAGAGATAGATTGGTGCCTTCGGGAACATTGAGACAGGTGCTGCATGGCTGTCGTCAGCTCGTGTCGTGAGATGTTGGGTTAAGTCCCGTAACGAGCGCAACCCTTGTCCTTAGTTACCAGCACGTTATGGTGGGCACTCTAAGGAGACTGCCGGTGACAAACCGGA,NS,C__Gammaproteobacteria,
