,Row.names,Col0,fec,logFC,logCPM,LR,PValue,FDR,Feature_ID,Phylum,Class,Order,Family,Genus,Species,Fasta,sig,color,label
1,OTU1,0.3485,0.358368421052632,0.0402706140757299,18.4329501280813,0.0110365505949126,0.916332175616254,0.984178814705437,16a14ca0b2bfe08e8e08cc3db89dbb0b,P__Proteobacteria,C__Betaproteobacteria,O__Burkholderiales,F__Comamonadaceae,G__Comamonas,,GTAGTCCACGCCCTAAACGATGTCAACTGGTTGTTGGGTCTTAACTGACTCAGTAACGAAGCTAACGCGTGAAGTTGACCGCCTGGGGAGTACGGCCGCAAGGTTGAAACTCAAAGGAATTGACGGGGACCCGCACAAGCGGTGGATGATGTGGTTTAATTCGATGCAACGCGAAAAACCTTACCCACCTTTGACATGGCAGGAACTTACCAGAGATGGTTTGGTGCTCGAAAGAGAACCTGCACACAGGTGCTGCATGGCTGTCGTCAGCTCGTGTCGTGAGATGTTGGGTTAAGTCCCGCAACGAGCGCAACCCTTGCCATTAGTTGCTACATTCAGTTGAGCACTCTAATGGGACTGCCGGTGACAAACCGGA,NS,C__Betaproteobacteria,
2,OTU10,0.01795,0.0256842105263158,0.513890364569755,14.5279323519148,1.01767760847068,0.31307052102909,0.54075817268661,1fa1705554f735486c17bc54a1e1fa7b,P__Proteobacteria,C__Alphaproteobacteria,O__Rhizobiales,F__Rhizobiaceae,G__Rhizobium,,GTAGTCCACGCCGTAAACGATGAATGTTAGCCGTCGGGCAGTATACTGTTCGGTGGCGCAGCTAACGCATTAAACATTCCGCCTGGGGAGTACGGTCGCAAGATTAAAACTCAAAGGAATTGACGGGGGCCCGCACAAGCGGTGGAGCATGTGGTTTAATTCGAAGCAACGCGCAGAACCTTACCAGCCCTTGACATCCTGTGTTACCTCTAGAGATAGGGGGTCCACTTCGGTGGCGCAGAGACAGGTGCTGCATGGCTGTCGTCAGCTCGTGTCGTGAGATGTTGGGTTAAGTCCCGCAACGAGCGCAACCCTCGCCCTTAGTTGCCAGCATTTAGTTGGGCACTCTAAGGGGACTGCCGGTGATAAGCCGAGA,NS,C__Alphaproteobacteria,
3,OTU109,0.0018,0.00189473684210526,0.0693088861190545,11.903441487007,0.00348388059970617,0.952932668172291,0.984178814705437,07439d98420b9d2a253f1a01f480c6ca,P__Firmicutes,C__Bacilli,O__Bacillales,F__Paenibacillaceae,G__Paenibacillus,S__chondroitinus,GTAGTCCACGCCGTAAACGATGCATACTAGGTGTCGGGGATTCGATTTCTCGGTGCCGAAGTTAACACAGTAAGTATGCCGCCTGGGGAGTACGCTCGCAAGAGTGAAACTCAAAGGAATTGACGGGGACCCGCACAAGCAGTGGAGTATGTGGTTTAATTCGAAGCAACGCGAAGAACCTTACCAGGTCTTGACATCTGGGTGTAAGCACTAGAGATAGTGCCCCTCTTCGGAGCACCCAAGACAGGTGGTGCATGGTTGTCGTCAGCTCGTGTCGTGAGATGTTGGGTTAAGTCCCGCAACGAGCGCAACCCTTGATCTTAGTTGCCAGCACTTCGGGTGGGCACTCTAGGATGACTGCCGGTGACAAACCGGA,NS,P__Firmicutes,
4,OTU11,0.0615,0.0395789473684211,-0.634233294179114,15.6830514185817,1.94851408767155,0.162747061949043,0.35955746244556,7ddc6d188f18c076b5d2f60b8091964e,P__Firmicutes,C__Bacilli,O__Bacillales,F__Paenibacillaceae,G__Paenibacillus,,GTAGTCCACGCCGTAAACGATGAATGCTAGGTGTTAGGGGTTTCGATACCCTTGGTGCCGAAGTTAACACATTAAGCATTCCGCCTGGGGAGTACGCTCGCAAGAGTGAAACTCAAAGGAATTGACGGGGACCCGCACAAGCAGTGGAGTATGTGGTTTAATTCGAAGCAACGCGAAGAACCTTACCAGCTCTTGACATCCCGATGAAAGCATTAGAGATAGTGCCCCTCTTCGGAGCATCGGAGACAGGTGGTGCATGGTTGTCGTCAGCTCGTGTCGTGAGATGTTGGGTTAAGTCCCGCAACGAGCGCAACCCTTGATCTTAGTTGCCAGCAGGTTAAGCTGGGCACTCTAAGGTGACTGCCGGTGACAAACCGGA,NS,P__Firmicutes,
5,OTU110,0.0018,0.00178947368421053,-0.00791061634284013,11.8840761621401,4.25831965245038e-05,0.994793377286412,0.998507688763956,a3217b8276f69370457364514729695a,P__Firmicutes,C__Bacilli,O__Bacillales,F__Paenibacillaceae,G__Paenibacillus,S__chondroitinus,GTAGTCCACGCCGTAAACGATGCATACTAGGTGTCAGGGGTTTCGATGCCCTTGGTGCCGAAGTTAACACAGTAAGTATGCCGCCTGGGGAGTACGCTCGCAAGAGTGAAACTCAAAGGAATTGACGGGGACCCGCACAAGCAGTGGAGTATGTGGTTTAATTCGAAGCAACGCGAAGAACCTTACCAGGTCTTGACATCCCGATGTAACACCTAGAGATAGGTGCCCTCTTCGGAGCATTGGAGACAGGTGGTGCATGGTTGTCGTCAGCTCGTGTCGTGAGATGTTGGGTTAAGTCCCGCAACGAGCGCAACCCTTGATCTTAGTTGCCAGCACTTCGGGTGGGCACTCTAGGATGACTGCCGGTGACAAACCGGA,NS,P__Firmicutes,
6,OTU111,0.00195,0.00194736842105263,-0.00183083151586908,11.9414093372061,3.49815622868732e-06,0.998507688763956,0.998507688763956,e08816a2c8a984ebc54bb9fc5cbf4b5b,P__Firmicutes,C__Bacilli,O__Bacillales,F__Paenibacillaceae,G__Paenibacillus,S__chondroitinus,GTAGTCCACGCCGTAAACGATGCATACTAGGTGTCGGGGATTCGATTTCTCGGTGCCGAAGTTAACACAGTAAGTATGCCGCCTGGGGAGTACGCTCGCAAGAGTGAAACTCAAAGGAATTGACGGGGACCCGCACAAGCAGTGGAGTATGTGGTTTAATTCGAAGCAACGCGAAGAACCTTACCAGGTCTTGACATCTGGGTGTAAGCACTAGAGATAGTGCCCCTCTTCGGAGCACCCAAGACAGGTGGTGCATGGTTGTCGTCAGCTCGTGTCGTGAGATGTTGGGTTAAGTCCCGCAACGAGCGCAACCCTTGATCTTAGTTGCCAGCATGTTATGGTGGGCACTCTAGGATGACTGCCGGTGACAAACCGGA,NS,P__Firmicutes,
7,OTU118,0.00655,0,-5.73876783680019,12.381981928592,3.87304031769209,0.0490675607030685,0.137100537258574,160211ed412634a0d5fb59a375600077,P__Proteobacteria,C__Gammaproteobacteria,O__Pasteurellales,F__Pasteurellaceae,G__Haemophilus,S__influenzae,GTAGTCCACGCTGTAAACGCTGTCGATTTGGGGGTTGGGGTTTAACTCTGGCGCCCGTAGCTAACGTGATAAATCGACCGCCTGGGGAGTACGGCCGCAAGGTTAAAACTCAAATGAATTGACGGGGGCCCGCACAAGCGGTGGAGCATGTGGTTTAATTCGATGCAACGCGAAGAACCTTACCTACTCTTGACATCCAACGAATTCGATAGAGATATTGGAGTGCCTTCGGGAACGTTGAGACAGGTGCTGCATGGCTGTCGTCAGCTCGTGTTGTGAAATGTTGGGTTAAGTCCCGCAACGAGCGCAACCCTTATCCTTTGTTGCCAGCGATTAGGTCGGGAACTCAAAGGAGACTGCCAGTGATAAACTGGA,NS,C__Gammaproteobacteria,
8,OTU12,0.0255,0.0231578947368421,-0.138281566523801,14.680247345705,0.0828716704003476,0.773442883321502,0.947520459957983,12f536207ed71bd9bd113ce252a826f5,P__Proteobacteria,C__Gammaproteobacteria,O__Xanthomonadales,F__Xanthomonadaceae,G__Stenotrophomonas,,GTAGTCCACGCCCTAAACGATGCGAACTGGATGTTGGGTGCAATTTGGCACGCAGTATCGAAGCTAACGCGTTAAGTTCGCCGCCTGGGGAGTACGGTCGCAAGACTGAAACTCAAAGGAATTGACGGGGGCCCGCACAAGCGGTGGAGTATGTGGTTTAATTCGATGCAACGCGAAGAACCTTACCTGGTCTTGACATGTCGAGAACTTTCCAGAGATGGATTGGTGCCTTCGGGAACTCGAACACAGGTGCTGCATGGCTGTCGTCAGCTCGTGTCGTGAGATGTTGGGTTAAGTCCCGCAACGAGCGCAACCCTTGTCCTTAGTTGCCAGCACGTAATGGTGGGAACTCTAAGGAGACCGCCGGTGACAAACCGGA,NS,C__Gammaproteobacteria,
9,OTU120,0.00115,0.000210526315789474,-1.92599941855622,11.3888683141773,1.31135407935788,0.25214963821756,0.461857986691425,5bb113f8e2ce6f89645c5c14a896601f,P__Firmicutes,C__Bacilli,O__Bacillales,F__Paenibacillaceae,G__Paenibacillus,S__chondroitinus,GTAGTCCACGCCGTAAACGATGCATACTAGGTGTTGGGGATTCGATTCCTCGGTGCCGAAGTTAACACAGTAAGTATGCCGCCTGGGGAGTACGCTCGCAAGAGTGAAACTCAAAGGAATTGACGGGGACCCGCACAAGCAGTGGAGTATGTGGTTTAATTCGAAGCAACGCGAAGAACCTTACCAGGTCTTGACATCTGGGTGTAAGCACTAGAGATAGTGCCCCTCTTCGGAGCACCCAAGACAGGTGGTGCATGGTTGTCGTCAGCTCGTGTCGTGAGATGTTGGGTTAAGTCCCGCAACGAGCGCAACCCTTGATCTTAGTTGCCAGCACTTTGGGTGGGCACTCTAAGATGACTGCCGGTGACAAACCGGA,NS,P__Firmicutes,
10,OTU122,0.0013,0.00142105263157895,0.117627513844035,11.7080457980486,0.0106252764593826,0.917900286360232,0.984178814705437,70c98d7f62a61ab6837001c052a9f3fd,P__Firmicutes,C__Bacilli,O__Bacillales,F__Paenibacillaceae,G__Paenibacillus,S__chondroitinus,GTAGTCCACGCCGTAAACGATGCATACTAGGTGTCGGGGATTCGATTTCTCGGTGCCGAAGTTAACACAGTAAGTATGCCGCCTGGGGAGTACGCTCGCAAGAGTGAAACTCAAAGGAATTGACGGGGACCCGCACAAGCAGTGGAGTATGTGGTTTAATTCGAAGCAACGCGAAGAACCTTACCAGGTCTTGACATCTGGGTGTAAGCACTAGAGATAGTGCCCCTCTTCGGAGCACCCAAGACAGGTGGTGCATGGTTGTCGTCAGCTCGTGTCGTGAGATGTTGGGTTAAGTCCCGCAACGAGCGCAACCCTTGATCTTAGTTGCCAGCACTTTGGGTGGGCACTCTAGGATGACTGCCGGTGACAAACCGGA,NS,P__Firmicutes,
11,OTU125,0.0014,0.00189473684210526,0.40535808925107,11.8243699160158,0.304865168551459,0.580848350796585,0.823590945159338,b9ed0adbfcdfa93daf141c4f7274e9b5,P__Proteobacteria,C__Betaproteobacteria,O__Burkholderiales,F__Comamonadaceae,G__Comamonas,,GTAGTCCACGCCCTAAACGATGTCAACTGGTTGTTGGGTCTTAACTGACTCAGTAACGAAGCTAACGCGTGAAGTTGACCGCCTGGGGAGTACGGCCGCAAGGTTGAAACTCAAAGGAATTGACGGGGACCCGCACAAGCGGTGGATGATGTGGTTTAATTCGATGCAACGCGAAAAACCTTACCCACCTTTGACATGGCAGGAACTTACCAGAGATGGTTTGGTGCTCGAAAGAGAACCTGCACACAGGTGCTGCATGGCTGTCGTCAGCTCGTGTCGTGAGATGTTGGGTTAAGTCCCGCAACGAGCGCAACCCTTGCCATTAGTTGCTACATTCAGTTGAGCACTCTAATGGGACTGCCAGTGATATACTGGA,NS,C__Betaproteobacteria,
12,OTU129,0.0048,0,-5.30012372456902,12.1175662923599,16.1952526716799,5.71371254055427e-05,0.00350398962758171,6101396067e7162949a6c62973bd4266,P__Proteobacteria,C__Alphaproteobacteria,O__Rhizobiales,F__Methylobacteriaceae,G__Methylobacterium,,GTAGTCCACGCCGTAAACGATGAATGCTAGCTGTTGGGGTGCTTGCACTTCAGTAGCGCAGCTAACGCTTTAAGCATTCCGCCTGGGGAGTACGGTCGCAAGATTAAAACTCAAAGGAATTGACGGGGGCCCGCACAAGCGGTGGAGCATGTGGTTTAATTCGAAGCAACGCGCAGAACCTTACCATCCTTTGACATGGCGTGTTATGGGGAGAGATCCTCAGTCCTCTTCGGAGGCGCGCACACAGGTGCTGCATGGCTGTCGTCAGCTCGTGTCGTGAGATGTTGGGTTAAGTCCCGCAACGAGCGCAACCCACGTCCTTAGTTGCCATCATTCAGTTGGGCACTCTAGGGAGACTGCCGGTGATAAGCCGCGA,Depleted,C__Alphaproteobacteria,G__Methylobacterium
13,OTU13,0.02625,0.0171578947368421,-0.609826217017138,14.5341575828938,0.539771888582997,0.462527278585093,0.706092919238876,a4d7235811e3f452e7a193e6c0ecfdba,P__Proteobacteria,C__Alphaproteobacteria,O__Rhizobiales,F__Methylobacteriaceae,,,GTAGTCCACGCCGTAAACGATGAATGCCAGCCGTTGGCCTGCTTGCAGGTCAGTGGCGCCGCTAACGCATTAAGCATTCCGCCTGGGGAGTACGGTCGCAAGATTAAAACTCAAAGGAATTGACGGGGGCCCGCACAAGCGGTGGAGCATGTGGTTTAATTCGAAGCAACGCGCAGAACCTTACCATCCCTTGACATGGCATGTTACCTCGAGAGATCGGGGATCCTCTTCGGAGGCGTGCACACAGGTGCTGCATGGCTGTCGTCAGCTCGTGTCGTGAGATGTTGGGTTAAGTCCCGCAACGAGCGCAACCCACGTCCTTAGTTGCCATCATTCAGTTGGGCACTCTAGGGAGACTGCCGGTGATAAGCCGCGA,NS,C__Alphaproteobacteria,
14,OTU130,0.00105,0.00110526315789474,0.0663061896537759,11.5815133921197,0.00345920085139184,0.953099483714739,0.984178814705437,72295d555705fdbf879fa8819e380ea8,P__Firmicutes,C__Bacilli,O__Bacillales,F__Paenibacillaceae,G__Paenibacillus,S__chondroitinus,GTAGTCCACGCCGTAAACGATGCATACTAGGTGTTGGGGATTCGATTCCTCGGTGCCGAAGTTAACACAGTAAGTATGCCGCCTGGGGAGTACGCTCGCAAGAGTGAAACTCAAAGGAATTGACGGGGACCCGCACAAGCAGTGGAGTATGTGGTTTAATTCGAAGCAACGCGAAGAACCTTACCAGGTCTTGACATCTGGGTGTAAGCACTAGAGATAGTGCCCCTCTTCGGAGCACCCAAGACAGGTGGTGCATGGTTGTCGTCAGCTCGTGTCGTGAGATGTTGGGTTAAGTCCCGCAACGAGCGCAACCCTTGATCTTAGTTGCCAGCATTTCGGATGGGCACTCTAAGATGACTGCCGGTGACAAACCGGA,NS,P__Firmicutes,
15,OTU134,0.00495,0,-5.34340782229781,12.1422283465942,15.7116554960651,7.37682026859308e-05,0.00350398962758171,62858683fc22378fcc3b92b0971f67ad,P__Proteobacteria,C__Alphaproteobacteria,O__Rhizobiales,F__Methylobacteriaceae,G__Methylobacterium,S__hispanicum,GTAGTCCACGCCGTAAACGATGAATGCTAGCTGTTGGGGTGCATGCACCGCAGTAGCGCAGCTAACGCATTAAGCATTCCGCCTGGGGAGTACGGTCGCAAGATTAAAACTCAAAGGAATTGACGGGGGCCCGCACAAGCGGTGGAGCATGTGGTTTAATTCGAAGCAACGCGCAGAACCTTACCATCCTTTGACATGGCATGTTACCTGGAGAGATCCAGGGTCCTCTTCGGAGGCGTGCACACAGGTGCTGCATGGCTGTCGTCAGCTCGTGTCGTGAGATGTTGGGTTAAGTCCCGCAACGAGCGCAACCCACGTCCTCAGTTGCCATCATTCAGTTGGGCACTCTGGGGAGACTGCCGGTGATAAGCCGCGA,Depleted,C__Alphaproteobacteria,G__Methylobacterium
16,OTU138,0.001,0.00263157894736842,1.29295391881345,11.8840761621401,0.831036749294821,0.361972913381109,0.582837741884836,b97b75991bd0558f1ddac19fca639b4a,P__Firmicutes,C__Bacilli,O__Bacillales,F__Bacillaceae,G__Bacillus,S__ginsengihumi,GTAGTCCACGCCGTAAACGATGAGTGCTAAGTGTTAGAGGGTTTCCGCCCTTTAGTGCTGCAGCTAACGCATTAAGCACTCCGCCTGGGGAGTACGACCGCAAGGTTGAAACTCAAAGGAATTGACGGGGGCCCGCACAAGCGGTGGAGCATGTGGTTTAATTCGAAGCAACGCGAAGAACCTTACCAGGTCTTGACATCCTCTGACCTCCCTAGAGATAGGGCCTTCCCCTTCGGGGGACAGAGTGACAGGTGGTGCATGGTTGTCGTCAGCTCGTGTCGTGAGATGTTGGGTTAAGTCCCGCAACGAGCGCAACCCTTGACCTTAGTTGCCAGCATTCAGTTGGGCACTCTAAGGTGACTGCCGGTGACAAACCGGA,NS,P__Firmicutes,
17,OTU140,3e-04,0.000368421052631579,0.215356430689318,11.1824174367098,0.0393533793962533,0.842750219107367,0.953110366847617,c47cfbe78c3b3258ece5d78af1e5aabf,P__Actinobacteria,C__Actinobacteria,O__Actinomycetales,F__Nocardioidaceae,,,GTAGTCCACACCGTAAACGTTGGGCGCTAGGTGTGGGGCCTATTCCATGGGTTCCGTGCCGCAGCTAACGCATTAAGCGCCCCGCCTGGGGAGTACGGCCGCAAGGCTAAAACTCAAAGGAATTGACGGGGGCCCGCACAAGCGGCGGAGCATGCGGATTAATTCGATGCAACGCGAAGAACCTTACCTGGGTTCAACTACTACCGGAAAGCGCTAGAGATAGTGCCCCTTTTTGTCGGTAGATAGGTGGTGCATGGCTGTCGTCAGCTCGTGTCGTGAGATGTTGGGTTAAGTCCCGCAACGAGCGCAACCCTCGTTCTATGTTGCCAGCACGTTATGGTGGGGACTCATAGGAGACTGCCGGGGTCAACTCGGA,NS,P__Actinobacteria,
18,OTU141,5e-05,0.000894736842105263,2.54277006466041,11.2595852972323,6.73650425097843,0.00944595450833776,0.0584196450870247,bed1121da0e02cbeff7d6ff31e38d3ce,P__Proteobacteria,C__Betaproteobacteria,O__Burkholderiales,F__Comamonadaceae,,,GTAGTCCACGCCCTAAACGATGTCAACTGGTTGTTGGGTCTTAACTGACTCAGTAACGAAGCTAACGCGTGAAGTTGACCGCCTGGGGAGTACGGCCGCAAGGTTGAAACTCAAAGGAATTGACGGGGACCCGCACAAGCGGTGGATGATGTGGTTTAATTCGATGCAACGCGAAAAACCTTACCCACCTTTGACATGGCAGGAACTTACCAGAGATGGTTTGGTGCTCGAAAGAGAACCTGCACACAGGTGCTGCATGGCTGTCGTCAGCTCGTGTCGTGAGATGTTGGGTTAAGTCCCGCAACGAGCGCAACCCTCGTCCTTAGTTGCCAGCATTCAGTTGGGCACTCTAAGGAAACTGCCGGTGATAAGCCGGA,NS,C__Betaproteobacteria,
19,OTU148,0.0013,0,-3.51096191927738,11.3750625146522,9.11672029737065,0.00253283652452072,0.0287925545864392,75307c99200d9b92c41869ddb15f64c3,P__Firmicutes,C__Bacilli,O__Bacillales,F__Paenibacillaceae,G__Paenibacillus,,GTAGTCCACGCCGTAAACGATGAATGCTAGGTGTTAGGGGTTTCGATACCCTTGGTGCCGAAGTTAACACATTAAGCATTCCGCCTGGGGAGTACGCTCTCAAGAGTGAAACTCAAAGGAATTGACGGGGACCCGCACAAGCAGTGGAGTATGTGGTTTAATTCGAAGCAACGCGAAGAACCTTACCAGCTCTTGACATCCCTCTGAATGCATTGGAGACAGTGCAGGCCTTCGGGACAGAGGAGACAGGTGGTGCATGGTTGTCGTCAGCTCGTGTCGTGAGATGTTGGGTTAAGTCCCGCAACGAGCGCAACCCTTGATCTTAGTTGCCAGCAGGTAAGGCTGGGCACTCTAAGGTGACTGCCGGTGACAAACCGGA,Depleted,P__Firmicutes,G__Paenibacillus
20,OTU159,8e-04,0.000842105263157895,0.0642195606511923,11.4559825100358,0.00479629238120438,0.944786429813671,0.984178814705437,49b3cf057c1dc21205c41725969d6748,P__Proteobacteria,C__Alphaproteobacteria,O__Sphingomonadales,F__Sphingomonadaceae,G__Sphingomonas,,GTAGTCCACGCCGTAAACGATGATAACTAGCTGTCCGGGGACTTGGTCTTTGGGTGGCGCAGCTAACGCATTAAGTTATCCGCCTGGGGAGTACGGCCGCAAGGTTAAAACTCAAATGAATTGACGGGGGCCTGCACAAGCGGTGGAGCATGTGGTTTAATTCGAAGCAACGCGCAGAACCTTACCAGCGTTTGACATGTCCGGACGATTTCCAGAGATGGATCTCTTCCCTTCGGGGACTGGAACACAGGTGCTGCATGGCTGTCGTCAGCTCGTGTCGTGAGATGTTGGGTTAAGTCCCGCAACGAGCGCAACCCTCGTGTTTAGTTGCCACCGTTGAGTTTGGAACCCTGAACAGACTGCCGGTGATAAGCCGGA,NS,C__Alphaproteobacteria,
21,OTU16,0.0389,0.0320526315789474,-0.278340491196343,15.1913077458208,0.423575542932957,0.515158288472388,0.752923652382721,839bf834334fb7143362f526838e7647,P__Proteobacteria,C__Betaproteobacteria,O__Burkholderiales,F__Comamonadaceae,,,GTAGTCCATGCCGTAAACGATGAGTGTTCGCCCTTGGTCTACGCAGATCAGGGGCTCAGCTAACGCGTGAAACACTCCGCCTGGGGAGTACGGTCGCAAGACCGAAACTCAAAGGAATTGACGGGGACCCGCACAAGCGGTGGATGATGTGGTTTAATTCGATGCAACGCGAAAAACCTTACCCACCTTTGACATGGCAGGAACTTACCAGAGATGGTTTGGTGCTCGAAAGAGAACCTGCACACAGGTGCTGCATGGCTGTCGTCAGCTCGTGTCGTGAGATGTTGGGTTAAGTCCCGCAACGAGCGCAACCCTTGCCATTAGTTGCTACATTCAGTTGAGCACTCTAATGGGACTGCCGGTGACAAACCGGA,NS,C__Betaproteobacteria,
22,OTU166,0.00355,0,-4.877744249949,11.8937913169733,10.0700852808995,0.00150696056852161,0.0286322508019106,a01d87574d092329db1e24b26525e218,P__Actinobacteria,C__Actinobacteria,O__Actinomycetales,F__Nocardiaceae,G__Rhodococcus,,GTAGTCCACGCCGTAAACGGTGGGCGCTAGGTGTGGGTTCCTTTCACGGAATCCGTGCCGTAGCTAACGCATTAAGCGCCCCGCCTGGGGAGTACGGCCGCAAGGCTAAAACTCAAAGGAATTGACGGGGGCCCGCACAAGCGGCGGAGCATGTGGATTAATTCGATGCAACGCGAAGAACCTTACCTGGGTTTGACATATACCGGAAAGCTGCAGAGATGTGGCCCCCCTTGTGGTCGGTATACAGGTGGTGCATGGCTGTCGTCAGCTCGTGTCGTGAGATGTTGGGTTAAGTCCCGCAACGAGCGCAACCCCTATCTTATGTTGCCAGCACGTTATGGTGGGGACTCGTAAGAGACTGCCGGGGTCAACTCGGA,Depleted,P__Actinobacteria,G__Rhodococcus
23,OTU17,0.0252,0.0523684210526316,1.05157435357154,15.2975897413017,4.38614831179016,0.0362320779235477,0.11226176528588,021c5b891400b6d9b57112db2890f06c,P__Bacteroidetes,C__Flavobacteriia,O__Flavobacteriales,F__[Weeksellaceae],G__Chryseobacterium,,GTAGTCCACGCTGTAAACGATGCTAACTCGTTTTTGGGTTTTCGGATTCAGAGACTAAGCGAAAGTGATAAGTTAGCCACCTGGGGAGTACGAACGCAAGTTTGAAACTCAAAGGAATTGACGGGGGCCCGCACAAGCGGTGGATTATGTGGTTTAATTCGATGATACGCGAGGAACCTTACCAAGGCTTAAATGGGAATTGATCGGTTTAGAAATAGACCTTCCTTCGGGCAATTTTCAAGGTGCTGCATGGTTGTCGTCAGCTCGTGCCGTGAGGTGTTAGGTTAAGTCCTGCAACGAGCGCAACCCCTGTTACTAGTTGCTACCATTAAGTTGAGGACTCTAGTAAGACTGCCTACGCAAGTAGAGA,NS,P__Bacteroidetes,
24,OTU180,3e-04,0.000526315789473684,0.615894360273047,11.2292116481888,0.212385204037586,0.64490429458858,0.900969235086987,1d6fc7272be710b3d294cb0be16c4d45,P__Proteobacteria,C__Betaproteobacteria,O__Burkholderiales,F__Comamonadaceae,,,GTAGTCCACGCCCTAAACGATGTCAACTGGTTGTTGGGTCTTAACTGACTCAGTAACGAAGCTAACGCGTGAAGTTGACCGCCTGGGGAGTACGGCCGCAAGGTTGAAACTCAAAGGAATTGACGGGGACCCGCACAAGCGGTGGATGATGTGGTTTAATTCGATGCAACGCGAAAAACCTTACCCACCTTTGACATGGCAGGAACTTACCAGAGATGGTTTGGTGCTCGAAAGAGAACCTGCACACAGGTGCTGCATGGCTGTCGTCAGCTCGTGTCGTGAGATGTTGGGTTAAGTCCCGCAACGAGCGCAACCCTCGTCCTTAGTTGCCAGCATTTAGTTGGGCACTCTAAGGAAACTGCCGGTGATAAGCCGGA,NS,C__Betaproteobacteria,
25,OTU185,4e-04,0.000315789473684211,-0.252227650877212,11.1981847525682,0.0520719221674888,0.819496412736514,0.947520459957983,c69d047bd0203757b635b741a083221c,P__Proteobacteria,C__Alphaproteobacteria,O__Caulobacterales,F__Caulobacteraceae,,,GTAGTCCACGCCGTAAACGATGAGAGCTAGTTGTCGGCACGCATGCGTGTCGGTGACGCAGCTAACGCATTAAGCTCTCCGCCTGGGGAGTACGGTCGCAAGATTAAAACTCAAAGGAATTGACGGGGGCCCGCACAAGCGGTGGAGCATGTGGTTTAATTCGAAGCAACGCGCAGAACCTTACCACCTTTTGACATGCCCGGACCACGCCAGAGATGGCGCTTTCCCTTCGGGGACCGGTGCACAGGTGCTGCATGGCTGTCGTCAGCTCGTGTCGTGAGATGTTGGGTTAAGTCCCGCAACGAGCGCAACCCTCGCCTTTAGTTGCCACCATTTAGTTGGGAACTCTAAAGGGACTGCCGGTGCTAAGCCGGA,NS,C__Alphaproteobacteria,
26,OTU186,0.00055,0.000842105263157895,0.518785424116673,11.3888683141773,0.144711988182053,0.703640877993,0.941491315624437,0535730b28336b0d51d48b74dbd8bad4,P__Firmicutes,C__Bacilli,O__Bacillales,F__Paenibacillaceae,G__Paenibacillus,S__chondroitinus,GTAGTCCACGCCGTAAACGATGCATACTAGGTGTTGGGGATTCGATTCCTCGGTGCCGAAGTTAACACAGTAAGTATGCCGCCTGGGGAGTACGCTCGCAAGAGTGAAACTCAAAGGAATTGACGGGGACCCGCACAAGCAGTGGAGTATGTGGTTTAATTCGAAGCAACGCGAAGAACCTTACCAGGTCTTGACATCCCTCTGAATATCCTAGAGATAGGATAGGCCTTCGGGACAGAGGAGACAGGTGGTGCATGGTTGTCGTCAGCTCGTGTCGTGAGATGTTGGGTTAAGTCCCGCAACGAGCGCAACCCTTGATCTTAGTTGCCAGCACTTCGGGTGGGCACTCTAAGATGACTGCCGGTGACAAACCGGA,NS,P__Firmicutes,
27,OTU19,0.0066,0.00168421052631579,-1.89417397270082,12.5934860337857,5.93923828239879,0.0148074168160803,0.0703352298763815,ea2c8db448e24f54503687097adbc0bc,P__Firmicutes,C__Bacilli,O__Bacillales,F__Paenibacillaceae,G__Paenibacillus,,GTAGTCCACGCCGTAAACGATGAATGCTAGGTGTTAGGGGTTTCGATACCCTTGGTGCCGAAGTTAACACATTAAGCATTCCGCCTGGGGAGTACGCTCGCAAGAGTGAAACTCAAAGGAATTGACGGGGACCCGCACAAGCAGTGGAGTATGTGGTTTAATTCGAAGCAACGCGAAGAACCTTACCAGCTCTTGACATCCCTCTGAATGCATTGGAGACAGTGCAGGCCTTCGGGACAGAGGAGACAGGTGGTGCATGGTTGTCGTCAGCTCGTGTCGTGAGATGTTGGGTTAAGTCCCGCAACGAGCGCAACCCTTGATCTTAGTTGCCAGCACTTCGGGTGGGCACTCTAAGGTGACTGCCGGTGACAAACCGGA,NS,P__Firmicutes,
28,OTU190,0.0023,0.000368421052631579,-2.29709357024747,11.7080457980486,2.35950477477766,0.12452171363189,0.28852592182999,8eca0c5eb9e5820b00b5ce57cc26825b,P__Firmicutes,C__Bacilli,O__Bacillales,F__Bacillaceae,G__Bacillus,,GTAGTCCACGCCGTAAACGATGAGTGCTAAGTGTTAGGGGGTTTCCGCCCCTTAGTGCTGCAGCTAACGCATTAAGCACTCCGCCTGGGGAGTACGGCCGCAAGGCTGAAACTCAAAGGAATTGACGGGGGCCCGCACAAGCGGTGGAGCATGTGGTTTAATTCGAAGCAACGCGAAGAACCTTACCAGGTCTTGACATCCTCTGACACTCCTAGAGATAGGACGTTCCCCTTCGGGGGACAGAGTGACAGGTGGTGCATGGTTGTCGTCAGCTCGTGTCGTGAGATGTTGGGTTAAGTCCCGCAACGAGCGCAACCCTTGATCTTAGTTGCCAGCATTCAGTTGGGCACTCTAAGGTGACTGCCGGTGACAAACCGGA,NS,P__Firmicutes,
29,OTU195,0,0.00126315789473684,3.4731716752636,11.3470481384826,9.66294153583151,0.00188022319267873,0.0287925545864392,d795b3671ab3dedb2b0b34a8eb7f94e8,P__Proteobacteria,C__Alphaproteobacteria,O__Rhizobiales,F__Hyphomicrobiaceae,G__Hyphomicrobium,,GTAGTCCACGCCGTAAACGATGGATGCTAGCCGTCGGATAGCTTGCTATTCGGTGGCGCAGCTAACGCATTAAGCATCCCGCCTGGGGAGTACGGCCGCAAGGTTAAAACTCAAAGGAATTGACGGGGGCCCGCACAAGCGGTGGAGCATGTGGTTTAATTCGACGCAACGCGAAGAACCTTACCAGCTCTTGACATTCACTGATCGCCGGTAGAGATGCCGGAATTCCAGCAATGGACAGTGGGACAGGTGCTGCATGGCTGTCGTCAGCTCGTGTCGTGAGATGTTGGGTTAAGTCCCGCAACGAGCGCAACCCTCGCCATTAGTTGCCATCATTAAGTTGGGCACTCTAGTGGGACTGCCGGTGATAAGCCGGA,Enriched,C__Alphaproteobacteria,G__Hyphomicrobium
30,OTU201,0.00065,0.000421052631578947,-0.505156297596174,11.3039794165908,0.122780698492848,0.726037949805834,0.943066739471086,8f471c55d57cd57a6ff2d86b43be19b4,P__Firmicutes,C__Bacilli,O__Bacillales,F__Bacillaceae,G__Bacillus,,GTAGTCCACGCCGTAAACGATGAGTGCTAAGTGTTAGAGGGTTTCCGCCCTTTAGTGCTGCAGCTAACGCATTAAGCACTCCGCCTGGGGAGTACGGCCGCAAGGCTGAAACTCAAAGGAATTGACGGGGGCCCGCACAAGCGGTGGAGCATGTGGTTTAATTCGAAGCAACGCGAAGAACCTTACCAGGTCTTGACATCCTCTGACAATCCTAGAGATAGGACGTTCCCCTTCGGGGGACAGAGTGACAGGTGGTGCATGGTTGTCGTCAGCTCGTGTCGTGAGATGTTGGGTTAAGTCCCGCAACGAGCGCAACCCTTGATCTTAGTTGCCAGCATTCAGTTGGGCACTCTAAGGTGACTGCCGGTGACAAACCGGA,NS,P__Firmicutes,
31,OTU204,7e-04,0.000368421052631579,-0.741574847418796,11.3039794165908,0.482354573176003,0.487357723067616,0.723421620178492,c750c63fa0f2e9cebf569cd30cb2a2e1,P__Proteobacteria,C__Alphaproteobacteria,O__Sphingomonadales,F__Sphingomonadaceae,G__Sphingomonas,,GTAGTCCACGCCGTAAACGATGATAACTAGCTGTCCGGGGACTTGGTCTTTGGGTGGCGCAGCTAACGCATTAAGTTATCCGCCTGGGGAGTACGGCCGCAAGGTTAAAACTCAAATGAATTGACGGGGGCCTGCACAAGCGGTGGAGCATGTGGTTTAATTCGAAGCAACGCGCAGAACCTTACCAGCGTTTGACATGTCCGGACGATTTCCAGAGATGGATCTCTTCCCTTCGGGGACTGGAACACAGGTGCTGCATGGCTGTCGTCAGCTCGTGTCGTGAGATGTTGGGTTAAGTCCCGCAACGAGCGCAACCCTTGCCATTAGTTGCTACATTCAGTTGAGCACTCTAATGGGACTGCCGGTGACAAACCGGA,NS,C__Alphaproteobacteria,
32,OTU21,0.00045,5.26315789473684e-05,-1.69467387244977,11.1340544151484,1.76060431052281,0.184549157190086,0.381134128979525,e32c6c80d1d79bcde664ca3c9220d1f3,P__Proteobacteria,C__Betaproteobacteria,O__Burkholderiales,F__Burkholderiaceae,G__Burkholderia,S__bryophila,GTAGTCCACGCCCTAAACGATGTCAACTAGTTGTCGGGTCTTCATTGACTTGGTAACGTAGCTAACGCGTGAAGTTGACCGCCTGGGGAGTACGGTCGCAAGATTAAAACTCAAAGGAATTGACGGGGACCCGCACAAGCGGTGGATGATGTGGATTAATTCGATGCAACGCGAAAAACCTTACCTACCCTTGACATGTATGGAATCCTGCTGAGAGGTGGGAGTGCCCGAAAGGGAGCCATAACACAGGTGCTGCATGGCTGTCGTCAGCTCGTGTCGTGAGATGTTGGGTTAAGTCCCGCAACGAGCGCAACCCTTGTCCCTAGTTGCTACGCAAGAGCACTCTAGGGAGACTGCCGGTGACAAACCGGA,NS,C__Betaproteobacteria,
33,OTU218,0.00015,0.00126315789473684,2.33566815151366,11.3888683141773,2.70330490556921,0.100140469156219,0.250351172890547,23dcb2f0fde0504f36b504314902f1f7,P__Firmicutes,C__Bacilli,O__Bacillales,F__Paenibacillaceae,G__Paenibacillus,S__chondroitinus,GTAGTCCACGCCGTAAACGATGCATACTAGGTGTTGGGGATTCGATTCCTCGGTGCCGAAGTTAACACAGTAAGTATGCCGCCTGGGGAGTACGCTCGCAAGAGTGAAACTCAAAGGAATTGACGGGGACCCGCACAAGCAGTGGAGTATGTGGTTTAATTCGAAGCAACGCGAAGAACCTTACCAGGTCTTGACATCTGGGTGTAAGCACTAGAGATAGTGCCCCTCTTCGGAGCATCCAAGACAGGTGGTGCATGGTTGTCGTCAGCTCGTGTCGTGAGATGTTGGGTTAAGTCCCGCAACGAGCGCAACCCTTGATCTTAGTTGCCAGCACTTCGGGTGGGCACTCTAAGATGACTGCCGGTGACAAACCGGA,NS,P__Firmicutes,
34,OTU223,0.00175,0,-3.90689059560852,11.4948017589263,6.5296481065532,0.0106090943351078,0.0584196450870247,539056817cec978078fb05a80afc202e,P__Firmicutes,C__Bacilli,O__Lactobacillales,F__Streptococcaceae,G__Streptococcus,,GTAGTCCACGCCGTAAACGATGAGTGCTAGGTGTTGGATCCTTTCCGGGATTCAGTGCCGCAGCTAACGCATTAAGCACTCCGCCTGGGGAGTACGACCGCAAGGTTGAAACTCAAAGGAATTGACGGGGGCCCGCACAAGCGGTGGAGCATGTGGTTTAATTCGAAGCAACGCGAAGAACCTTACCAGGTCTTGACATCCCGATGCTATTTCTAGAGATAGAAAGTTACTTCGGTACATCGGTGACAGGTGGTGCATGGTTGTCGTCAGCTCGTGTCGTGAGATGTTGGGTTAAGTCCCGCAACGAGCGCAACCCCTATTGTTAGTTGCCATCATTCAGTTGGGCACTCTAGCGAGACTGCCGGTAATAAACCGGA,NS,P__Firmicutes,
35,OTU224,0.00055,0.000421052631578947,-0.305847489372766,11.2745356386983,0.0656328447293824,0.797804840204083,0.947520459957983,55d811f80505a02e78c0c9b59067a6bb,P__Firmicutes,C__Bacilli,O__Bacillales,F__Paenibacillaceae,G__Paenibacillus,S__chondroitinus,GTAGTCCACGCCGTAAACGATGCATACTAGGTGTTGGGGATTCGATTCCTCGGTGCCGAAGTTAACACAGTAAGTATGCCGCCTGGGGAGTACGCTCGCAAGAGTGAAACTCAAAGGAATTGACGGGGACCCGCACAAGCAGTGGAGTATGTGGTTTAATTCGAAGCAACGCGAAGAACCTTACCAGGTCTTGACATCCCTCTGCAAGCTCTAGAGATAGAGCCCTCCTTCGGGACAGAGGAGACAGGTGGTGCATGGTTGTCGTCAGCTCGTGTCGTGAGATGTTGGGTTAAGTCCCGCAACGAGCGCAACCCTTGATCTTAGTTGCCAGCATTTCGGATGGGCACTCTAAGATGACTGCCGGTGACAAACCGGA,NS,P__Firmicutes,
36,OTU227,8e-04,5.26315789473684e-05,-2.3805652820217,11.2444784048421,2.97638003440138,0.0844880422752319,0.222954556004084,821e5851537ea928f3dfd579df73a2f6,P__Firmicutes,C__Bacilli,O__Bacillales,F__Paenibacillaceae,G__Paenibacillus,,GTAGTCCACGCCGTAAACGATGAATGCTAGGTGTTAGGGGTTTCGATACCCTTGGTGCCGAAGTTAACACATTAAGCATTCCGCCTGGGGAGTACGGTCGCAAGACTGAAACTCAAAGGAATTGACGGGGACCCGCACAAGCAGTGGAGTATGTGGTTTAATTCGAAGCAACGCGAAGAACCTTACCAGGTCTTGACATCCCAATGCAAGCATTAGAGATAGTGCCCTTCTTCGGAACATTGGAGACAGGTGGTGCATGGTTGTCGTCAGCTCGTGTCGTGAGATGTTGGGTTAAGTCCCGCAACGAGCGCAACCCTTGATCTTAGTTGCCAGCACTTTGGGTGGGCACTCTAGGATGACTGCCGGTGACAAACCGGA,NS,P__Firmicutes,
37,OTU23,0.02395,0.0254210526315789,0.0855645855087951,14.6969906095396,0.0255702585957351,0.87295430977708,0.975654816809677,546079ea875543124ffe67211d09275e,P__Firmicutes,C__Bacilli,O__Bacillales,F__Paenibacillaceae,G__Paenibacillus,S__chondroitinus,GTAGTCCACGCCGTAAACGATGCATACTAGGTGTTGGGGATTCGATTCCTCGGTGCCGAAGTTAACACAGTAAGTATGCCGCCTGGGGAGTACGCTCGCAAGAGTGAAACTCAAAGGAATTGACGGGGACCCGCACAAGCAGTGGAGTATGTGGTTTAATTCGAAGCAACGCGAAGAACCTTACCAGGTCTTGACATCCCTCTGAATATCCTAGAGATAGGGTAGGCCTTCGGGACAGAGGAGACAGGTGGTGCATGGTTGTCGTCAGCTCGTGTCGTGAGATGTTGGGTTAAGTCCCGCAACGAGCGCAACCCTTGATCTTAGTTGCCAGCACTTTGGGTGGGCACTCTAAGATGACTGCCGGTGACAAACCGGA,NS,P__Firmicutes,
38,OTU232,0.00035,0.000842105263157895,1.02574541283656,11.3328342792629,0.698026634979101,0.403447568963878,0.628319984451941,ddac716c4ca2c05641b56ea1b7bf703a,P__Firmicutes,C__Bacilli,O__Bacillales,F__Bacillaceae,G__Bacillus,,GTAGTCCACGCCGTAAACGATGAGTGCTAAGTGTTAGAGGGTTTCCGCCCTTTAGTGCTGCAGCTAACGCATTAAGCACTCCGCCTGGGGAGTACGGCCGCAAGGCTGAAACTCAAAGGAATTGACGGGGGCCCGCACAAGCGGTGGAGCATGTGGTTTAATTCGAAGCAACGCGAAGAACCTTACCAGGTCTTGACATCCTCTGACACTCCTAGAGATAGGACGTTCCCCTTCGGGGGACAGAGTGACAGGTGGTGCATGGTTGTCGTCAGCTCGTGTCGTGAGATGTTGGGTTAAGTCCCGCAACGAGCGCAACCCTTGATCTTAGTTGCCAGCATTCAGTTGGGCACTCTAAGGTGACTGCCGGTGACAAACCGGA,NS,P__Firmicutes,
39,OTU237,3e-04,0.000473684210526316,0.494332380392132,11.2137816076192,0.158206104199595,0.690813511625747,0.941491315624437,e567980ab753b094998b64a880fbab73,P__Firmicutes,C__Bacilli,O__Bacillales,F__Paenibacillaceae,G__Paenibacillus,S__chondroitinus,GTAGTCCACGCCGTAAACGATGTATGCTAGGTGTTAGGGGTTTCGATGCCCTTGGTGCCGAAGTTAACACAGTAAGCATACCGCCTGGGGAGTACGCTCGCAAGAGTGAAACTCAAAGGAATTGACGGGGACCCGCACAAGCAGTGGAGTATGTGGTTTAATTCGAAGCAACGCGAAGAACCTTACCAGGTCTTGACATCTGGGTGTAAGCACTAGAGATAGTGCCCCTCTTCGGAGCACCCAAGACAGGTGGTGCATGGTTGTCGTCAGCTCGTGTCGTGAGATGTTGGGTTAAGTCCCGCAACGAGCGCAACCCTTGATCTTAGTTGCCAGCACTTCGGGTGGGCACTCTAAGATGACTGCCGGTGACAAACCGGA,NS,P__Firmicutes,
40,OTU245,0,0.000736842105263158,2.78549548809387,11.1981847525682,8.43973870763322,0.00367108992710811,0.0317048675522973,563703affc09ec577f214192f5c7adaf,P__Proteobacteria,C__Alphaproteobacteria,O__Sphingomonadales,F__Sphingomonadaceae,G__Novosphingobium,S__resinovorum,GTAGTCCACGCCGTAAACGATGATAACTAGCTGTCCGGGTACTTGGTATTTGGGTGGCGCAGCTAACGCATTAAGTTATCCGCCTGGGGAGTACGGTCGCAAGATTAAAACTCAAAGGAATTGACGGGGGCCTGCACAAGCGGTGGAGCATGTGGTTTAATTCGAAGCAACGCGCAGAACCTTACCAGCGTTTGACATCCTCATCGCGGATTAGAGAGATCTTTTCCTTCAGTTCGGCTGGATGAGTGACAGGTGCTGCATGGCTGTCGTCAGCTCGTGTCGTGAGATGTTGGGTTAAGTCCCGCAACGAGCGCAACCCTTGCCATTAGTTGCTACATTCAGTTGAGCACTCTAATGGGACTGCCGGTGACAAACCGGA,Enriched,C__Alphaproteobacteria,G__Novosphingobium
41,OTU251,0.0019,0,-4.01792190799726,11.5326037916387,6.66510736597484,0.00983187319182023,0.0584196450870247,9e045a0a8c4ddd4392e649feb60570d4,P__Firmicutes,C__Bacilli,O__Lactobacillales,F__Streptococcaceae,G__Streptococcus,,GTAGTCCACGCTGTAAACGATGAGTGCTAGGTGTTAGACCCTTTCCGGGGTTTAGTGCCGTAGCTAACGCATTAAGCACTCCGCCTGGGGAGTACGACCGCAAGGTTGAAACTCAAAGGAATTGACGGGGGCCCGCACAAGCGGTGGAGCATGTGGTTTAATTCGAAGCAACGCGAAGAACCTTACCAGGTCTTGACATCCCTCTGACCGCTCTAGAGATAGAGTTTTCCTTCGGGACAGAGGTGACAGGTGGTGCATGGTTGTCGTCAGCTCGTGTCGTGAGATGTTGGGTTAAGTCCCGCAACGAGCGCAACCCCTATTGTTAGTTGCCATCATTTAGTTGGGCACTCTAGCGAGACTGCCGGTAATAAACCGGA,NS,P__Firmicutes,
42,OTU252,0.0011,0.000105263157894737,-2.41142624572647,11.3470481384826,2.73511918127051,0.0981641777585363,0.250351172890547,ed308d85d8443a47e416b4d3cc81e100,P__Firmicutes,C__Bacilli,O__Bacillales,F__Paenibacillaceae,G__Paenibacillus,,GTAGTCCACGCCGTAAACGATGAATGCTAGGTGTTAGGGGTTTCGATACCCTTGGTGCCGAAGTTAACACATTAAGCATTCCGCCTGGGGAGTACGGTCGCAAGACTGAAACTCAAAGGAATTGACGGGGACCCGCACAAGCAGTGGAGTATGTGGTTTAATTCGAAGCAACGCGAAGAACCTTACCAGGTCTTGACATCCCTCTGATCGTCCTAGAGATAGGGCTTTCCTTCGGGACAGAGGAGACAGGTGGTGCATGGTTGTCGTCAGCTCGTGTCGTGAGATGTTGGGTTAAGTCCCGCAACGAGCGCAACCCTTGATCTTAGTTGCCAGCACTTCGGGTGGGCACTCTAGGATGACTGCCGGTGACAAACCGGA,NS,P__Firmicutes,
43,OTU262,0.00105,0.000210526315789474,-1.80816292826237,11.3611233236944,2.53521327208797,0.111331842836767,0.271068648119053,a32e23b670ad729e6334a70e9fc20435,P__Firmicutes,C__Bacilli,O__Bacillales,F__Paenibacillaceae,G__Brevibacillus,,GTAGTCCACGCCGTAAACGATGAGTGCTAGGTGTTGGGGGTTTCAATACCCTCAGTGCCGCAGCTAACGCAATAAGCACTCCGCCTGGGGAGTACGCTCGCAAGAGTGAAACTCAAAGGAATTGACGGGGGCCCGCACAAGCGGTGGAGCATGTGGTTTAATTCGAAGCAACGCGAAGAACCTTACCAGGTCTTGACATCCCGCTGACCGCTCTGGAGACAGAGCTTCCCTTCGGGGCAGCGGTGACAGGTGGTGCATGGTTGTCGTCAGCTCGTGTCGTGAGATGTTGGGTTAAGTCCCGCAACGAGCGCAACCCTTATCTTTAGTTGCCAGCATTCAGTTGGGCACTCTAGAGAGACTGCCGTCGACAAGACGGA,NS,P__Firmicutes,
44,OTU266,0.00025,0.00121052631578947,1.83244590302043,11.4025432510744,1.32367775929344,0.24993307301379,0.461857986691425,928a2d650c30f74e0a0128a63fd899d3,P__Actinobacteria,C__Actinobacteria,O__Actinomycetales,F__Nocardioidaceae,,,GTAGTCCACACCGTAAACGTTGGGCGCTAGGTGTGGGGCCTATTCCATGGGTTCCGTGCCGCAGCTAACGCATTAAGCGCCCCGCCTGGGGAGTACGGCCGCAAGGCTAAAACTCAAAGGAATTGACGGGGGCCCGCACAAGCGGCGGAGCATGCGGATTAATTCGATGCAACGCGAAGAACCTTACCTGGGTTCAACTACTACCGGAAAGCGCTAGAGATAGTGCCCCTTTTTGTCGGTAGATAGGTGGTGCATGGCTGTCGTCAGCTCGTGTCGTGAGATGTTGGGTTAAGTCCCGCAACGAGCGCAACCCTCGTTCTATGTTGCCAGCACGTCATGGTGGGGACTCATAGGAGACTGCCGGGGTCAACTCGGA,NS,P__Actinobacteria,
45,OTU271,0.00055,0.000210526315789474,-1.0084615787482,11.2137816076192,0.526100088719241,0.468251093811044,0.706092919238876,d2769224b4e457d907859d67a43c280d,P__Firmicutes,C__Bacilli,O__Bacillales,F__Paenibacillaceae,G__Paenibacillus,,GTAGTCCACGCCGTAAACGATGAATGCTAGGTGTTAGGGGTTTCGATACCCTTGGTGCCGAAGTTAACACATTAAGCATTCCGCCTGGGGAGTACGCTCGCAAGAGTGAAACTCAAAGGAATTGACGGGGACCCGCACAAGCAGTGGAGTATGTGGTTTAATTCGAAGCAACGCGAAGAACCTTACCAGCTCTTGACATCCCTCTGAATGCATTGGAGACAGTGCAGGCCTTCGGGACGGAGGAGACAGGTGGTGCATGGTTGTCGTCAGCTCGTGTCGTGAGATGTTGGGTTAAGTCCCGCAACGAGCGCAACCCTTGATCTTAGTTGCCAGCACTTCGGGTGGGCACTCTAAGGTGACTGCCGGTGACAAACCGGA,NS,P__Firmicutes,
46,OTU28,0.014,0.0204210526315789,0.5406103781618,14.2176546167664,1.08724369471674,0.297082724853734,0.522645534464902,b699b8402c2d6c82990ce6f41e3150cc,P__Proteobacteria,C__Betaproteobacteria,O__Burkholderiales,F__Comamonadaceae,G__Variovorax,S__paradoxus,GTAGTCCACGCCCTAAACGATGTCAACTGGTTGTTGGGAATTCACTTTCTCAGTAACGAAGCTAACGCGTGAAGTTGACCGCCTGGGGAGTACGGCCGCAAGGTTGAAACTCAAAGGAATTGACGGGGACCCGCACAAGCGGTGGATGATGTGGTTTAATTCGATGCAACGCGAAAAACCTTACCCACCTTTGACATGTACGGAATTCGCCAGAGATGGCTTAGTGCTCGAAAGAGAACCGTAACACAGGTGCTGCATGGCTGTCGTCAGCTCGTGTCGTGAGATGTTGGGTTAAGTCCCGCAACGAGCGCAACCCTTGTCATTAGTTGCTACATTTAGTTGGGCACTCTAATGAGACTGCCGGTGACAAACCGGA,NS,C__Betaproteobacteria,
47,OTU281,0,0.00131578947368421,3.52685954615759,11.3611233236944,8.78883630670728,0.00303079521962518,0.0287925545864392,f0e2b109ec66a2de0ae9ae79eb18aa31,P__Proteobacteria,C__Alphaproteobacteria,O__Rhizobiales,F__Bradyrhizobiaceae,G__Bosea,S__genosp.,GTAGTCCACGCCGTAAACGATGAATGCCAGCCGTTAGTGGGTTTACTCACTAGTGGCGCAGCTAACGCTTTAAGCATTCCGCCTGGGGAGTACGGTCGCAAGATTAAAACTCAAAGGAATTGACGGGGGCCCGCACAAGCGGTGGAGCATGTGGTTTAATTCGACGCAACGCGCAGAACCTTACCAGCCCTTGACATGTCTAGGACCGGCACCAGAGATGGAGCCTTCTCTTCGGAGCCTAGAGCACAGGTGCTGCATGGCTGTCGTCAGCTCGTGTCGTGAGATGTTGGGTTAAGTCCCGCAACGAGCGCAACCCCCGTCCTTAGTTGCTACCATTTAGTTGAGCACTCTAAGGAGACTGCCGGTGATAAGCCGCGA,Enriched,C__Alphaproteobacteria,G__Bosea
48,OTU284,8e-04,0.000210526315789474,-1.46302744221368,11.2893326406264,0.970871468511744,0.324462933315717,0.550428190446306,a2b3ed334045e7d45931ea774132695b,P__Firmicutes,C__Bacilli,O__Bacillales,F__Paenibacillaceae,G__Paenibacillus,,GTAGTCCACGCCGTAAACGATGAATGCTAGGTGTTAGGGGTTTCGATACCCTTGGTGCCGAAGTTAACACATTAAGCATTCCGCCTGGGGAGTACGGTCGCAAGACTGAAACTCAAAGGAATTGACGGGGACCCGCACAAGCAGTGGAGTATGTGGTTTAATTCGAAGCAACGCGAAGAACCTTACCAGGTCTTGACATCCCTCTGAATCCACTAGAGATAGTGGCGGCCTTCGGGACAGAGGAGACAGGTGGTGCATGGTTGTCGTCAGCTCGTGTCGTGAGATGTTGGGTTAAGTCCCGCAACGAGCGCAACCCTTGATCTTAGTTGCCAGCATTTCGGATGGGCACTCTAGGATGACTGCCGGTGACAAACCGGA,NS,P__Firmicutes,
49,OTU29,0.0067,0.000315789473684211,-3.9526673690183,12.4428071212881,8.96727768138753,0.00274857829974045,0.0287925545864392,fe8efd6e1ccd96ad2b6e6e0d7aaf0f6d,P__Proteobacteria,C__Gammaproteobacteria,O__Enterobacteriales,F__Enterobacteriaceae,,,GTAGTCCACGCCGTAAACGATGTCGACTTGGAGGTTGTGCCCTTGAGGCGTGGCTTCCGGAGCTAACGCGTTAAGTCGACCGCCTGGGGAGTACGGCCGCAAGGTTAAAACTCAAATGAATTGACGGGGGCCCGCACAAGCGGTGGAGCATGTGGTTTAATTCGATGCAACGCGAAGAACCTTACCTGGTCTTGACATCCACAGAACTTTCCAGAGATGGATTGGTGCCTTCGGGAACTGTGAGACAGGTGCTGCATGGCTGTCGTCAGCTCGTGTTGTGAAATGTTGGGTTAAGTCCCGCAACGAGCGCAACCCTTATCCTTTGTTGCCAGCGGTCCGGCCGGGAACTCAAAGGAGACTGCCAGTGATAAACTGGA,Depleted,C__Gammaproteobacteria,F__Enterobacteriaceae
50,OTU292,0,0.00142105263157895,3.62858943312141,11.3888683141773,6.56492718312752,0.0104007993275628,0.0584196450870247,c27f479721ba15e1b0a4c6e9b1788456,P__Actinobacteria,C__Actinobacteria,O__Bifidobacteriales,F__Bifidobacteriaceae,G__Gardnerella,,GTAGTCCACGCCGTAAACGGTGGACGCTGGATGTGGGGCCCATTCCACGGGTTCCGTGTCGGAGCTAACGCGTTAAGCGTCCCGCCTGGGGAGTACGGCCGCAAGGCTAAAACTCAAAGAAATTGACGGGGGCCCGCACAAGCGGCGGAGCATGCGGATTAATTCGATGCAACGCGAAGAACCTTACCTGGGCTTGACATGTGCCTGTCGACTGCAGAGATGTGGTTTCCCTTCGGGGCAGGTTCACAGGTGGTGCATGGTCGTCGTCAGCTCGTGTCGTGAGATGTTGGGTTAAGTCCCGCAACGAGCGCAACCCTCGCCCTGTGTTGCCAGCGGGTTATGCCGGGAACTCACGGGGGACCGCCGGGGTTAACTCGGA,NS,P__Actinobacteria,
51,OTU295,0.00015,0.000421052631578947,0.989608394153404,11.1503562274776,0.788835593614754,0.374452448780072,0.59288304390178,f4540e03fe1afea94e72d1a3361a870b,P__Proteobacteria,C__Alphaproteobacteria,O__Sphingomonadales,F__Sphingomonadaceae,G__Sphingomonas,,GTAGTCCACGCCGTAAACGATGATAACTAGCTGTCGGGGCTCTTAGAGCTTCGGTGGCGCAGCTAACGCATTAAGTTATCCGCCTGGGGAGTACGGCCGCAAGGTTAAAACTCAAATGAATTGACGGGGGCCTGCACAAGCGGTGGAGCATGTGGTTTAATTCGAAGCAACGCGCAGAACCTTACCAGCGTTTGACATGTCCGGACGATTCCCAGAGATGGGTCTCTTCCCTTCGGGGACTGGAACACAGGTGCTGCATGGCTGTCGTCAGCTCGTGTCGTGAGATGTTGGGTTAAGTCCCGCAACGAGCGCAACCCTCGTCCTTAGTTGCCATCATTTAGTTGGGCACTCTAAGGAAACCGCCGGTGATAAGCCGGA,NS,C__Alphaproteobacteria,
52,OTU297,9e-04,0.000105263157894737,-2.15426840622934,11.2893326406264,3.27635724500267,0.0702847680735938,0.19077294191404,29b182d478b106e8cde45985ec456d8a,P__Proteobacteria,C__Alphaproteobacteria,O__Rhizobiales,,,,GTAGTCCATGCCGTAAACGATGAGTGTTCGCCCTTGGTCTACGCAGATCAGGGGCTCAGCTAACGCGTGAAACACTCCGCCTGGGGAGTACGGTCGCAAGACCGAAACTCAAAGGAATTGACGGGGGCCCGCACAAGCGGTGGAGCATGTGGTTTAATTCGAAGCAACGCGCAGAACCTTACCAGCTTTTGACATGTCCGGTTTGATCGGCAGAGATGCCTTTCTTCAGTTCGGCTGGCCGGAACACAGGTGCTGCATGGCTGTCGTCAGCTCGTGTCGTGAGATGTTGGGTTAAGTCCCGCAACGAGCGCAACCCTCGCCCCTAGTTGCCATCATTCAGTTGGGAACTCTAGGGGGACTGCCGGTGATAAGCCGCGA,NS,C__Alphaproteobacteria,
53,OTU3,0.0228,0.0247368421052632,0.117011461108684,14.6461663504619,0.0649991250959978,0.798762289176146,0.947520459957983,517bae36c3f249b7261904488361268b,P__Proteobacteria,C__Betaproteobacteria,O__Burkholderiales,F__Alcaligenaceae,,,GTAGTCCACGCCCTAAACGATGTCAACTAGCTGTTGGGGCCTTCGGGCCTTGGTAGCGCAGCTAACGCGTGAAGTTGACCGCCTGGGGAGTACGGTCGCAAGATTAAAACTCAAAGGAATTGACGGGGACCCGCACAAGCGGTGGATGATGTGGATTAATTCGATGCAACGCGAAAAACCTTACCTACCCTTGACATGTCTGGAATGCCGAAGAGATTTGGCAGTGCTCGCAAGAGAACCGGAACACAGGTGCTGCATGGCTGTCGTCAGCTCGTGTCGTGAGATGTTGGGTTAAGTCCCGCAACGAGCGCAACCCTTGTCATTAGTTGCTACGAAAGGGCACTCTAATGAGACTGCCGGTGACAAACCGGA,NS,C__Betaproteobacteria,
54,OTU302,7e-04,5.26315789473684e-05,-2.21550603575121,11.2137816076192,3.88602129901254,0.0486896406958058,0.137100537258574,cb990b221587bea4995c2c9aea81e5f6,P__Firmicutes,C__Bacilli,O__Bacillales,F__Bacillaceae,G__Bacillus,,GTAGTCCACGCCGTAAACGATGAGTGCTAAGTGTTAGAGGGTTTCCGCCCTTTAGTGCTGCAGCTAACGCATTAAGCACTCCGCCTGGGGAGTACGGCCGCAAGGCTGAAACTCAAAGGAATTGACGGGGGCCCGCACAAGCGGTGGAGCATGTGGTTTAATTCGAAGCAACGCGAAGAACCTTACCAGGTCTTGACATCCTCTGACCTCCCTAGAGATAGGGCCTTCCCCTTCGGGGGACAGAGTGACAGGTGGTGCATGGTTGTCGTCAGCTCGTGTCGTGAGATGTTGGGTTAAGTCCCGCAACGAGCGCAACCCTTGACCTTAGTTGCCAGCATTCAGTTGGGCACTCTAAGGTGACTGCCGGTGACAAACCGGA,NS,P__Firmicutes,
55,OTU31,0.00885,0.00231578947368421,-1.87856407575847,12.8986244707093,7.40884789693739,0.00649038735704209,0.0513822332432499,e41170011f6c30398af8d54137ce74d7,P__Firmicutes,C__Bacilli,O__Bacillales,F__Paenibacillaceae,G__Paenibacillus,,GTAGTCCACGCCGTAAACGATGAATGCTAGGTGTTAGGGGTTTCGATACCCTTGGTGCCGAAGTTAACACATTAAGCATTCCGCCTGGGGAGTACGCTCGCAAGAGTGAAACTCAAAGGAATTGACGGGGACCCGCACAAGCAGTGGAGTATGTGGTTTAATTCGAAGCAACGCGAAGAACCTTACCAGCTCTTGACATCCCTCTGAATGCATTGGAGACAGTGCAGGCCTTCGGGACAGAGGAGACAGGTGGTGCATGGTTGTCGTCAGCTCGTGTCGTGAGATGTTGGGTTAAGTCCCGCAACGAGCGCAACCCTTGATCTTAGTTGCCAGCAGGTAAGGCTGGGCACTCTAAGGTGACTGCCGGTGACAAACCGGA,NS,P__Firmicutes,
56,OTU315,0.00075,0,-2.8073549220576,11.2137816076192,6.40281326923347,0.0113939673112156,0.0584196450870247,763e804db4fbc6b7a0f25bbf2c3f9bba,P__Chlamydiae,C__Chlamydiia,O__Chlamydiales,,,,GTAGTCCTTGCCGTAAACGATGTGTACTTGATGTATTCGGTCTCAACCCCGAATGTGTCGTAGCTAACGCGATAAGTACACCGCCTGGGGAGTACGCCCGCAAGGGTGAAACTCAAAAGAATTGACGGGGACCCGCACAAGCAGTGGAGCATGTGGTTTAATTCGATGCAACGCGAAGAACCTTACCCAGACTTGACATGTAGAGGGATAGCCTAGAGATAGGCTAGTCCGCAAGGACTTCTACACAGGTGCTGCATGGCTGTCGTCAGCTCGTGCCGTGAGGTGTTGGGTTAAGTCCCGCAACGAGCGCAACCCTTATTGTTAGTTGCCAACAGGTAGTGCTGGGAACTCTAACGAGACTGCCCGGGTTAACCGGGA,NS,P__Others,
57,OTU32,0.02295,0.0171052631578947,-0.421385911851401,14.4261668556003,0.857039652795187,0.354568451843516,0.580758671123001,52c970bc184adb177ecc902cb6f19d1e,P__Proteobacteria,C__Betaproteobacteria,O__Burkholderiales,F__Comamonadaceae,,,GTAGTCCATGCCGTAAACGATGAGTGTTCGCCCTTGGTCTACGCAGATCAGGGGCTCAGCTAACGCGTGAAACACTCCGCCTGGGGAGTACGGTCGCAAGACCGAAACTCAAAGGAATTGACGGGGGCCTGCACAAGCGGTGGAGCATGTGGTTTAATTCGATGCAACGCGAAAAACCTTACCCACCTTTGACATGGCAGGAACTTACCAGAGATGGTTTGGTGCTCGAAAGAGAACCTGCACACAGGTGCTGCATGGCTGTCGTCAGCTCGTGTCGTGAGATGTTGGGTTAAGTCCCGCAACGAGCGCAACCCTTGCCATTAGTTGCTACATTCAGTTGAGCACTCTAATGGGACTGCCGGTGACAAACCGGA,NS,C__Betaproteobacteria,
58,OTU322,0.00105,5.26315789473684e-05,-2.72570076807039,11.3184789862859,3.98436992375495,0.0459242735575535,0.136337687123987,14298577c47ffe38760568847c931ef3,P__Firmicutes,C__Bacilli,O__Bacillales,F__Paenibacillaceae,G__Paenibacillus,,GTAGTCCACGCCGTAAACGATGAATGCTAGGTGTTAGGGGTTTCGATACCCTTGGTGCCGAAGTTAACACATTAAGCATTCCGCCTGGGGAGTACGGTCGCAAGACTGAAACTCAAAGGAATTGACGGGGACCCGCACAAGCAGTGGAGTATGTGGTTTAATTCGAAGCAACGCGAAGAACCTTACCAGGTCTTGACATCCCTCTGACCGACCTAGAGATAGGTCTTTCCTTCGGGACAGAGGAGACAGGTGGTGCATGGTTGTCGTCAGCTCGTGTCGTGAGATGTTGGGTTAAGTCCCGCAACGAGCGCAACCCTTGATCTTAGTTGCCAGCACTTTGGGTGGGCACTCTAGGATGACTGCCGGTGACAAACCGGA,NS,P__Firmicutes,
59,OTU325,8e-04,0,-2.88752527074159,11.2292116481888,5.84178625493439,0.015649930938117,0.0707973066248151,64217dba6e799682f3166d600c904b31,P__Firmicutes,C__Bacilli,O__Bacillales,F__Paenibacillaceae,G__Paenibacillus,,GTAGTCCACGCCGTAAACGATGAATGCTAGGTGTTAGGGGTTTCGATACCCTTGGTGCCGAAGTTAACACATTAAGCATTCCGCCTGGGGAGTACGGTCGCAAGACTGAAACTCAAAGGAATTGACGGGGACCCGCACAAGCAGTGGAGTATGTGGTTTAATTCGAAGCAACGCGAAGAACCTTACCAGGTCTTGACATCCCTCTGAAACCACTAGAGATAGTGGCGGCCTTCGGGACAGAGGAGACAGGTGGTGCATGGTTGTCGTCAGCTCGTGTCGTGAGATGTTGGGTTAAGTCCCGCAACGAGCGCAACCCTTGATCTTAGTTGCCAGCACTTTGGGTGGGCACTCTAGGATGACTGCCGGTGACAAACCGGA,NS,P__Firmicutes,
60,OTU33,0.00315,0.000210526315789474,-3.28699707812218,11.8545318865261,4.36740277202414,0.0366327865669715,0.11226176528588,0a44c375479c1ebe2c45a891e851d694,P__Proteobacteria,C__Gammaproteobacteria,O__Pseudomonadales,F__Pseudomonadaceae,G__Pseudomonas,,GTAGTCCACGCCGTAAACGATGTCAACTAGCCGTTGGAAGCCTTGAGCTTTTAGTGGCGCAGCTAACGCATTAAGTTGACCGCCTGGGGAGTACGGCCGCAAGGTTAAAACTCAAATGAATTGACGGGGGCCCGCACAAGCGGTGGAGCATGTGGTTTAATTCGAAGCAACGCGAAGAACCTTACCAGGCCTTGACATCCAATGAACTTTCTAGAGATAGATTGGTGCCTTCGGGAACATTGAGACAGGTGCTGCATGGCTGTCGTCAGCTCGTGTCGTGAGATGTTGGGTTAAGTCCCGTAACGAGCGCAACCCTTGTCCTTAGTTACCAGCACGTCATGGTGGGCACTCTAAGGAGACTGCCGGTGACAAACCGGA,NS,C__Gammaproteobacteria,
61,OTU334,1e-04,0.00105263157894737,2.38789135726572,11.3184789862859,2.49602333340066,0.114134167629075,0.271068648119053,04df634e46a2eaa37aac1df715836da9,P__Proteobacteria,C__Alphaproteobacteria,O__Rhizobiales,F__Rhizobiaceae,G__Agrobacterium,,GTAGTCCACGCCGTAAACGATGAATGTTAGCCGTCGGCAAGTTTACTTGTCGGTGGCGCAGCTAACGCATTAAACATTCCGCCTGGGGAGTACGGTCGCAAGATTAAAACTCAAAGGAATTGACGGGGGCCCGCACAAGCGGTGGAGCATGTGGTTTAATTCGAAGCAACGCGCAGAACCTTACCAGCCCTTGACATTTAGCGCCCGCCACAGAGATGTGGTTTTCCCTTCGGGGACGCTAGGACAGGTGCTGCATGGCTGTCGTCAGCTCGTGTCGTGAGATGTTGGGTTAAGTCCCGCAACGAGCGCAACCCTCGCCCTTAGTTGCCAGCATTCAGTTGGGCACTCTAAGGGGACTGCCGGTGATAAGCCGAGA,NS,C__Alphaproteobacteria,
62,OTU342,0,0.000894736842105263,3.02819689183065,11.2444784048421,7.11658785165591,0.00763739282592285,0.0558117168048208,b26a0af86f40fff8a6b291a8bf9e8c52,P__Proteobacteria,C__Betaproteobacteria,O__Burkholderiales,F__Comamonadaceae,,,GTAGTCCACGCCCTAAACGATGTCAACTGGTTGTTGGGTCTTAACTGACTCAGTAACGAAGCTAACGCGTGAAGTTGACCGCCTGGGGAGTACGGCCGCAAGGTTGAAACTCAAAGGAATTGACGGGGACCCGCACAAGCGGTGGATGATGTGGTTTAATTCGATGCAACGCGAAAAACCTTACCCACCTTTGACATGGCAGGAACTTACCAGAGATGGTTTGGTGCTCGAAAGAGAACCTGCACACAGGTGCTGCATGGCTGTCGTCAGCTCGTGTCGTGAGATGTTGGGTTAAGTCCCGTAACGAGCGCAACCCTTGTCCTTAGTTACCAGCACGTTATGGTGGGCACTCTAAGGAGACTGCCGGTGACAAACCGGA,NS,C__Betaproteobacteria,
63,OTU35,0,0.00384210526315789,4.9880866784565,11.9130275358362,14.1238943935705,0.000171155792848942,0.00541993344021649,def9aaf33fc6fea512576f4967cec0c4,P__Proteobacteria,C__Alphaproteobacteria,O__Sphingomonadales,F__Sphingomonadaceae,G__Novosphingobium,,GTAGTCCACGCCGTAAACGATGATAACTAGCTGTCCGGGCACATGGTGTTTGGGTGGCGCAGCTAACGCATTAAGTTATCCGCCTGGGGAGTACGGTCGCAAGATTAAAACTCAAAGGAATTGACGGGGGCCTGCACAAGCGGTGGAGCATGTGGTTTAATTCGAAGCAACGCGCAGAACCTTACCAGCGTTTGACATCCCGCGCTATTACCAGAGATGGTAAGTTCCCTTCGGGGACGCGGTGACAGGTGCTGCATGGCTGTCGTCAGCTCGTGTCGTGAGATGTTGGGTTAAGTCCCGCAACGAGCGCAACCCTCGTCCTTAGTTGCCATCATTCAGTTGGGCACTCTAAGGAAACCGCCGGTGATAAGCCGGA,Enriched,C__Alphaproteobacteria,G__Novosphingobium
64,OTU357,1e-04,0.000473684210526316,1.41187022020016,11.1503562274776,1.84613470314242,0.174233621318194,0.3761862278461,a94c7b6b2a242e8224cf43ebcdde3c5e,P__Firmicutes,C__Bacilli,O__Bacillales,F__Paenibacillaceae,G__Paenibacillus,S__chondroitinus,GTAGTCCACGCCGTAAACGATGCATACTAGGTGTTGGGGATTCGATTCCTCGGTGCCGAAGTTAACACAGTAAGTATGCCGCCTGGGGAGTACGCTCGCAAGAGTGAAACTCAAAGGAATTGACGGGGACCCGCACAAGCAGTGGAGTATGTGGTTTAATTCGAAGCAACGCGAAGAACCTTACCAGGTCTTGACATCCCTCTGAATCCTCTAGAGATAGAGGCGGCCTTCGGGACAGAGGAGACAGGTGGTGCATGGTTGTCGTCAGCTCGTGTCGTGAGATGTTGGGTTAAGTCCCGCAACGAGCGCAACCCTTGATCTTAGTTGCCAGCATGTTATGGTGGGCACTCTAGGATGACTGCCGGTGACAAACCGGA,NS,P__Firmicutes,
65,OTU37,0.01735,0.0158947368421053,-0.125442006961956,14.1804343504307,0.0472979002086973,0.827833665015922,0.947520459957983,181c311451b8a793fb64d0252f2fa73d,P__Firmicutes,C__Bacilli,O__Bacillales,F__Paenibacillaceae,G__Paenibacillus,S__chondroitinus,GTAGTCCACGCCGTAAACGATGCATACTAGGTGTTGGGGATTCGATTCCTCGGTGCCGAAGTTAACACAGTAAGTATGCCGCCTGGGGAGTACGCTCGCAAGAGTGAAACTCAAAGGAATTGACGGGGACCCGCACAAGCAGTGGAGTATGTGGTTTAATTCGAAGCAACGCGAAGAACCTTACCAGGTCTTGACATCCCGATGTAACACCTAGAGATAGGTGCCCTCTTCGGAGCATTGGAGACAGGTGGTGCATGGTTGTCGTCAGCTCGTGTCGTGAGATGTTGGGTTAAGTCCCGCAACGAGCGCAACCCTTGATCTTAGTTGCCAGCACTTCGGGTGGGCACTCTAAGATGACTGCCGGTGACAAACCGGA,NS,P__Firmicutes,
66,OTU374,0.00055,0.000105263157894737,-1.55160390377473,11.1824174367098,1.28448065875023,0.257067591936535,0.461857986691425,3650963f852dd7b35a47e61bf3df08e3,P__Firmicutes,C__Bacilli,O__Bacillales,F__Bacillaceae,G__Bacillus,,GTAGTCCACGCCGTAAACGATGAGTGCTAAGTGTTAGAGGGTTTCCGCCCTTTAGTGCTGCAGCTAACGCATTAAGCACTCCGCCTGGGGAGTACGACCGCAAGGTTGAAACTCAAAGGAATTGACGGGGGCCCGCACAAGCGGTGGAGCATGTGGTTTAATTCGAAGCAACGCGAAGAACCTTACCAGGTCTTGACATCCTCTGACACTCCTAGAGATAGGACGTTCCCCTTCGGGGGACAGAGTGACAGGTGGTGCATGGTTGTCGTCAGCTCGTGTCGTGAGATGTTGGGTTAAGTCCCGCAACGAGCGCAACCCTTGATCTTAGTTGCCAGCATTCAGTTGGGCACTCTAAGGTGACTGCCGGTGACAAACCGGA,NS,P__Firmicutes,
67,OTU38,0.0211,0.00931578947368421,-1.16878514054621,14.0776348200862,4.44527960486275,0.0349978587510169,0.11226176528588,3ec2d905423dccb0a86632a2cd1af873,P__Firmicutes,C__Bacilli,O__Bacillales,F__Paenibacillaceae,G__Paenibacillus,,GTAGTCCACGCCGTAAACGATGAATGCTAGGTGTTAGGGGTTTCGATACCCTTGGTGCCGAAGTTAACACATTAAGCATTCCGCCTGGGGAGTACGGTCGCAAGACTGAAACTCAAAGGAATTGACGGGGACCCGCACAAGCAGTGGAGTATGTGGTTTAATTCGAAGCAACGCGAAGAACCTTACCAGGTCTTGACATCCCTCTGACCGTCCTAGAGATAGGGCTTTCCTTCGGGACAGAGGAGACAGGTGGTGCATGGTTGTCGTCAGCTCGTGTCGTGAGATGTTGGGTTAAGTCCCGCAACGAGCGCAACCCTTGATCTTAGTTGCCAGCACTTTGGGTGGGCACTCTAGGATGACTGCCGGTGACAAACCGGA,NS,P__Firmicutes,
68,OTU387,0.00065,0,-2.63226821549951,11.1824174367098,5.5226362203911,0.0187719493260123,0.0810606902714167,a3c3e9308d1ceef0ee85870a5dbe204c,P__Proteobacteria,C__Alphaproteobacteria,O__Rhizobiales,F__Methylobacteriaceae,,,GTAGTCCACGCCGTAAACGATGAATGCCAGCCGTTGGCCTGCTTGCAGGTCAGTGGCGCCGCTAACGCATTAAGCATTCCGCCTGGGGAGTACGGTCGCAAGATTAAAACTCAAAGGAATTGACGGGGGCCCGCACAAGCGGTGGAGCATGTGGTTTAATTCGAAGCAACGCGCAGAACCTTACCATCCCTTGACATGGCATGTTACCTCGAGAGATCGGGGATCCTCTTCGGAGGCGTGCACACAGGTGCTGCATGGCTGTCGTCAGCTCGTGTCGTGAGATGTTGGGTTAAGTCCCGCAACGAGCGCAACCCACGTCCTTAGTTGCCATCATTTAGTTGGGCACTCTAGGGAGACTGCCGGTGATAAGCCGCGA,NS,C__Alphaproteobacteria,
69,OTU40,0.01515,0.00868421052631579,-0.794087743050643,13.767379937431,1.8048129813385,0.179131716294914,0.378166956622597,ba58895d117a35fc7565bfa3fa18e7bf,P__Firmicutes,C__Bacilli,O__Bacillales,F__Paenibacillaceae,G__Paenibacillus,,GTAGTCCACGCCGTAAACGATGAATGCTAGGTGTTAGGGGTTTCGATACCCTTGGTGCCGAAGTTAACACATTAAGCATTCCGCCTGGGGAGTACGGTCGCAAGACTGAAACTCAAAGGAATTGACGGGGACCCGCACAAGCAGTGGAGTATGTGGTTTAATTCGAAGCAACGCGAAGAACCTTACCAGGTCTTGACATCCCTCTGACCGTCCTAGAGATAGGGCTTTCCTTCGGGACAGAGGAGACAGGTGGTGCATGGTTGTCGTCAGCTCGTGTCGTGAGATGTTGGGTTAAGTCCCGCAACGAGCGCAACCCTTGATCTTAGTTGCCAGCACTTCGGGTGGGCACTCTAGGATGACTGCCGGTGACAAACCGGA,NS,P__Firmicutes,
70,OTU426,0,0.000526315789473684,2.38142910663602,11.1340544151484,6.35821104893077,0.0116839290174049,0.0584196450870247,9ca30bf96c22d14b60aa2cbcd190a019,P__Proteobacteria,C__Alphaproteobacteria,O__Rhizobiales,F__Methylocystaceae,G__Methylopila,,GTAGTCCACGCCGTAAACGATGGAAGCTAGCCGTTGGTCAGCATGCTGATCAGTGGCGCAGCTAACGCTTTAAGCTTCCCGCCTGGGGAGTACGGTCGCAAGATTAAAACTCAAAGGAATTGACGGGGGCCCGCACAAGCGGTGGAGCATGTGGTTTAATTCGAAGCAACGCGCAGAACCTTACCAGCTTTTGACATCCTGTGTTACCCAGAGAGATTTGGGGTCCACTTCGGTGGCGCAGAGACAGGTGCTGCATGGCTGTCGTCAGCTCGTGTCGTGAGATGTTGGGTTAAGTCCCGCAACGAGCGCAACCTTCGCCCCTAGTTGCCAGCATTAAGTTGGGCACTCTAGGGGGACTGCCGGTGATAAGCCGCGA,NS,C__Alphaproteobacteria,
71,OTU438,0.00055,0,-2.43295940727611,11.1503562274776,4.67763867446179,0.0305577248438049,0.111653225390826,a9306a3d433b68561c75374492161a38,P__Proteobacteria,C__Gammaproteobacteria,O__Pseudomonadales,F__Pseudomonadaceae,G__Pseudomonas,,GTAGTCCACGCCGTAAACGATGTCAACTAGCCGTTGGAAGCCTTGAGCTTTTAGTGGCGCAGCTAACGCATTAAGTTGACCGCCTGGGGAGTACGGCCGCAAGGTTAAAACTCAAATGAATTGACGGGGGCCCGCACAAGCGGTGGAGCATGTGGTTTAATTCGAAGCAACGCGAAGAACCTTACCAGGCCTTGACATCCAATGAACTTTCCAGAGATGGATTGGTGCCTTCGGGAACATTGAGACAGGTGCTGCATGGCTGTCGTCAGCTCGTGTCGTGAGATGTTGGGTTAAGTCCCGTAACGAGCGCAACCCTTGTCCTTAGTTACCAGCACGTTATGGTGGGCACTCTAAGGAGACTGCCGGTGACAAACCGGA,NS,C__Gammaproteobacteria,
72,OTU45,0.01395,0,-6.81506301719287,13.1544030605403,13.0587915467661,0.000301864136106596,0.00716927323253165,e2c280fef2a1d2e0b0c762ca1256cda7,P__Actinobacteria,C__Actinobacteria,O__Actinomycetales,F__Nocardiaceae,G__Rhodococcus,,GTAGTCCACGCCGTAAACGGTGGGCGCTAGGTGTGGGTTCCTTCCACGGAATCCGTGCCGTAGCTAACGCATTAAGCGCCCCGCCTGGGGAGTACGGCCGCAAGGCTAAAACTCAAAGGAATTGACGGGGGCCCGCACAAGCGGCGGAGCATGTGGATTAATTCGATGCAACGCGAAGAACCTTACCTGGGTTTGACATATACCGGAAAGCTGCAGAGATGTGGCCCCCCTTGTGGTCGGTATACAGGTGGTGCATGGCTGTCGTCAGCTCGTGTCGTGAGATGTTGGGTTAAGTCCCGCAACGAGCGCAACCCCTATCTTATGTTGCCAGCACGTTATGGTGGGGACTCGTAAGAGACTGCCGGGGTCAACTCGGA,Depleted,P__Actinobacteria,G__Rhodococcus
73,OTU46,0.00715,0.0122631578947368,0.767942523149721,13.5011712838021,1.53359085931068,0.215574319790223,0.417950211838188,e54a7e0ad9d141e0dca1c5f2ee616c62,P__Proteobacteria,C__Alphaproteobacteria,O__Sphingomonadales,F__Sphingomonadaceae,G__Novosphingobium,S__resinovorum,GTAGTCCATGCCGTAAACGATGAGTGTTCGCCCTTGGTCTACGCAGATCAGGGGCTCAGCTAACGCGTGAAACACTCCGCCTGGGGAGTACGGTCGCAAGACCGAAACTCAAAGGAATTGACGGGGGCCTGCACAAGCGGTGGAGCATGTGGTTTAATTCGAAGCAACGCGCAGAACCTTACCAGCGTTTGACATCCTCATCGCGGATTAGAGAGATCTTTTCCTTCAGTTCGGCTGGATGAGTGACAGGTGCTGCATGGCTGTCGTCAGCTCGTGTCGTGAGATGTTGGGTTAAGTCCCGCAACGAGCGCAACCCTCGTCCTTAGTTGCCAGCATTCAGTTGGGCACTCTAAGGAAACTGCCGGTGATAAGCCGGA,NS,C__Alphaproteobacteria,
74,OTU474,5e-04,0,-2.32192809488736,11.1340544151484,4.52353833615414,0.0334316219533717,0.11226176528588,79091c8a4458115db7eda895a211fada,P__Firmicutes,C__Bacilli,O__Bacillales,F__Paenibacillaceae,G__Paenibacillus,,GTAGTCCACGCCGTAAACGATGAATGCTAGGTGTTAGGGGTTTCGATACCCTTGGTGCCGAAGTTAACACATTAAGCATTCCGCCTGGGGAGTACGGTCGCAAGACTGAAACTCAAAGGAATTGACGGGGACCCGCACAAGCAGTGGAGTATGTGGTTTAATTCGAAGCAACGCGAAGAACCTTACCAGGTCTTGACATCCCTCTGATCGTCCTAGAGATAGGGCTTTCCTTCGGGACAGAGGAGACAGGTGGTGCATGGTTGTCGTCAGCTCGTGTCGTGAGATGTTGGGTTAAGTCCCGCAACGAGCGCAACCCTTGATCTTAGTTGCCAGCATTTCGGATGGGCACTCTAGGATGACTGCCGGTGACAAACCGGA,NS,P__Firmicutes,
75,OTU49,0.00185,0.000368421052631579,-2.00096147623745,11.605360134074,1.6594240408426,0.197681106646342,0.39956819428516,74b61b3132363cd2bb08e6a3945fd9cc,P__Proteobacteria,C__Betaproteobacteria,O__Burkholderiales,F__Oxalobacteraceae,G__Telluria,S__mixta,GTAGTCCACGCCCTAAACGATGTCTACTAGTTGTCGGGTCTTAATTGACTTGGTAACGCAGCTAACGCGTGAAGTAGACCGCCTGGGGAGTACGGTCGCAAGATTAAAACTCAAAGGAATTGACGGGGACCCGCACAAGCGGTGGATGATGTGGATTAATTCGATGCAACGCGAAAAACCTTACCTACCCTTGACATGTCAGGAACCTCCGAGAGATTGGAGGGTGCCCGAAAGGGAGCCTGAACACAGGTGCTGCATGGCTGTCGTCAGCTCGTGTCGTGAGATGTTGGGTTAAGTCCCGCAACGAGCGCAACCCTTGTCATTAGTTGCTACGAAAGGGCACTCTAATGAGACTGCCGGTGACAAACCGGA,NS,C__Betaproteobacteria,
76,OTU5,0.0139,0.000315789473684211,-4.99176718870724,13.1744686835944,4.6111741145267,0.0317642779094186,0.111763200051658,54e920928fd0ce9dd763bf0ae9f1f331,P__Proteobacteria,C__Gammaproteobacteria,O__Enterobacteriales,F__Enterobacteriaceae,,,GTAGTCCACGCCGTAAACGATGTCGACTTGGAGGTTGTGCCCTTGAGGCGTGGCTTCCGGAGCTAACGCGTTAAGTCGACCGCCTGGGGAGTACGGCCGCAAGGTTAAAACTCAAATGAATTGACGGGGGCCCGCACAAGCGGTGGAGCATGTGGTTTAATTCGATGCAACGCGAAGAACCTTACCTGGTCTTGACATCCACGGAAGTTTTCAGAGATGAGAATGTGCCTTCGGGAACCGTGAGACAGGTGCTGCATGGCTGTCGTCAGCTCGTGTTGTGAAATGTTGGGTTAAGTCCCGCAACGAGCGCAACCCTTATCCTTTGTTGCCAGCGGTCCGGCCGGGAACTCAAAGGAGACTGCCAGTGATAAACTGGA,NS,C__Gammaproteobacteria,
77,OTU51,0.00715,0.00742105263157895,0.0527749145513186,13.1744686835944,0.00743632396321203,0.931280305527185,0.984178814705437,a9a2f516772eec4cc7d1d01cf8ea1c90,P__Proteobacteria,C__Alphaproteobacteria,O__Sphingomonadales,F__Sphingomonadaceae,G__Novosphingobium,S__resinovorum,GTAGTCCATGCCGTAAACGATGAGTGTTCGCCCTTGGTCTACGCAGATCAGGGGCTCAGCTAACGCGTGAAACACTCCGCCTGGGGAGTACGGTCGCAAGACCGAAACTCAAAGGAATTGACGGGGGCCTGCACAAGCGGTGGAGCATGTGGTTTAATTCGAAGCAACGCGCAGAACCTTACCAGCGTTTGACATCCTCATCGCGGATTAGAGAGATCTTTTCCTTCAGTTCGGCTGGATGAGTGACAGGTGCTGCATGGCTGTCGTCAGCTCGTGTCGTGAGATGTTGGGTTAAGTCCCGCAACGAGCGCAACCCTCGTCCTTAGTTGCCAGCATTTAGTTGGGCACTCTAAGGAAACTGCCGGTGATAAGCCGGA,NS,C__Alphaproteobacteria,
78,OTU513,0.00055,0,-2.43295940727611,11.1503562274776,4.67763867446179,0.0305577248438049,0.111653225390826,f349dc8cce5116cfd3745237f9c34d54,P__Actinobacteria,C__Actinobacteria,O__Actinomycetales,F__Microbacteriaceae,G__Clavibacter,S__michiganensis,GTAGTCCATGCCGTAAACGTTGGGAACTAGATGTGGGGACCATTCCACGGTCTCCGTGTCGCAGCTAACGCATTAAGTTCCCCGCCTGGGGAGTACGGCCGCAAGGCTAAAACTCAAAGGAATTGACGGGGGCCCGCACAAGCGGCGGAGCATGCGGATTAATTCGATGCAACGCGAAGAACCTTACCAAGGCTTGACATATACCGGAAACATGCAGAAATGTGTGCCCCGTAAGGTCGGTATACAGGTGGTGCATGGTTGTCGTCAGCTCGTGTCGTGAGATGTTGGGTTAAGTCCCGCAACGAGCGCAACCCTCGTTCTATGTTGCCAGCACGTAATGGTGGGAACTCATAGGAGACTGCCGGGGTCAACTCGGA,NS,P__Actinobacteria,
79,OTU52,0.00585,0.00494736842105263,-0.236279176621938,12.8495484790118,0.11659080086751,0.732761865503607,0.943066739471086,1e8e7927b20849486aea5b4eea4bb46e,P__Firmicutes,C__Bacilli,O__Bacillales,F__Paenibacillaceae,G__Paenibacillus,S__chondroitinus,GTAGTCCACGCCGTAAACGATGTATGCTAGGTGTCAGGGGTTTCGATGCCCTTGGTGCCGAAGTTAACACAGTAAGCATACCGCCTGGGGAGTACGCTCGCAAGAGTGAAACTCAAAGGAATTGACGGGGACCCGCACAAGCAGTGGAGTATGTGGTTTAATTCGAAGCAACGCGAAGAACCTTACCAGGTCTTGACATCCCGATGTAACGCCTAGAGATAGGTGCCCTCTTCGGAGCATTGGAGACAGGTGGTGCATGGTTGTCGTCAGCTCGTGTCGTGAGATGTTGGGTTAAGTCCCGCAACGAGCGCAACCCTTGATCTTAGTTGCCAGCACTTTGGGTGGGCACTCTAAGATGACTGCCGGTGACAAACCGGA,NS,P__Firmicutes,
80,OTU523,0.00045,5.26315789473684e-05,-1.69467387244977,11.1340544151484,2.01014211885503,0.1562506803223,0.35342415787187,4b04f4ef18ae5ee72afb752028d83cfd,P__Firmicutes,C__Bacilli,O__Bacillales,F__Paenibacillaceae,G__Paenibacillus,S__amylolyticus,GTAGTCCACGCCGTAAACGATGAATGCTAGGTGTTAGGGGTTTCGATACCCTTGGTGCCGAAGTTAACACATTAAGCATTCCGCCTGGGGAGTACGGTCGCAAGACTGAAACTCAAAGGAATTGACGGGGACCCGCACAAGCAGTGGAGTATGTGGTTTAATTCGAAGCAACGCGAAGAACCTTACCAGGTCTTGACATCCCTCTGATCGGTACAGAGATGTATCTTTCCTTCGGGACAGAGGAGACAGGTGGTGCATGGTTGTCGTCAGCTCGTGTCGTGAGATGTTGGGTTAAGTCCCGCAACGAGCGCAACCCTTATATTTAGTTGCCAGCACTTCGGGTGGGCACTCTAGATAGACTGCCGGTGACAAACCGGA,NS,P__Firmicutes,
81,OTU53,0.00235,0.000210526315789474,-2.88293069666434,11.6858500519344,5.11632276439841,0.0237017908029871,0.097898701142773,ff1f10162df5177b14455211b6e836e1,P__Firmicutes,C__Bacilli,O__Bacillales,F__Paenibacillaceae,G__Paenibacillus,,GTAGTCCACGCCGTAAACGATGAATGCTAGGTGTTAGGGGTTTCGATACCCTTGGTGCCGAAGTTAACACATTAAGCATTCCGCCTGGGGAGTACGGTCGCAAGACTGAAACTCAAAGGAATTGACGGGGACCCGCACAAGCAGTGGAGTATGTGGTTTAATTCGAAGCAACGCGAAGAACCTTACCAGGTCTTGACATCCCTCTGAATCCACTAGAGATAGTGGCGGCCTTCGGGACAGAGGAGACAGGTGGTGCATGGTTGTCGTCAGCTCGTGTCGTGAGATGTTGGGTTAAGTCCCGCAACGAGCGCAACCCTTGATCTTAGTTGCCAGCACTTTGGGTGGGCACTCTAGGATGACTGCCGGTGACAAACCGGA,NS,P__Firmicutes,
82,OTU54,0.00505,0.00589473684210526,0.218141557115856,12.8594981394194,0.0635683957402478,0.800942331354731,0.947520459957983,d5d5ebc34ed830ece9a873c04f4541bf,P__Firmicutes,C__Bacilli,O__Bacillales,F__Paenibacillaceae,G__Paenibacillus,S__chondroitinus,GTAGTCCACGCCGTAAACGATGCATACTAGGTGTCGGGGATTCGATTTCTCGGTGCCGAAGTTAACACAGTAAGTATGCCGCCTGGGGAGTACGCTCGCAAGAGTGAAACTCAAAGGAATTGACGGGGACCCGCACAAGCAGTGGAGTATGTGGTTTAATTCGAAGCAACGCGAAGAACCTTACCAGGTCTTGACATCCCTCTGAATCCTCTAGAGATAGAGGCGGCCTTCGGGACAGAGGAGACAGGTGGTGCATGGTTGTCGTCAGCTCGTGTCGTGAGATGTTGGGTTAAGTCCCGCAACGAGCGCAACCCTTGATCTTAGTTGCCAGCATGTTATGGTGGGCACTCTAGGATGACTGCCGGTGACAAACCGGA,NS,P__Firmicutes,
83,OTU55,0.0043,0.00463157894736842,0.104246868311897,12.6519027200111,0.0198188717256187,0.888044126872054,0.980978977358664,585610ea232dc37e5ee70c8ddfc2ccda,P__Firmicutes,C__Bacilli,O__Bacillales,F__Paenibacillaceae,G__Paenibacillus,S__chondroitinus,GTAGTCCACGCCGTAAACGATGCATACTAGGTGTTGGGGATTCGATTCCTCGGTGCCGAAGTTAACACAGTAAGTATGCCGCCTGGGGAGTACGCTCGCAAGAGTGAAACTCAAAGGAATTGACGGGGACCCGCACAAGCAGTGGAGTATGTGGTTTAATTCGAAGCAACGCGAAGAACCTTACCAGGTCTTGACATCCCTCTGAATATCCTAGAGATAGGGTAGGCCTTCGGGACAGAGGAGACAGGTGGTGCATGGTTGTCGTCAGCTCGTGTCGTGAGATGTTGGGTTAAGTCCCGCAACGAGCGCAACCCTTGATCTTAGTTGCCAGCATTTCGGATGGGCACTCTAAGATGACTGCCGGTGACAAACCGGA,NS,P__Firmicutes,
84,OTU6,0.04975,0.0438947368421053,-0.18016632076986,15.5717119248239,0.112868630034725,0.736901582092002,0.943066739471086,da728bba35d80a883229bb20bba80621,P__Proteobacteria,C__Alphaproteobacteria,O__Rhizobiales,F__Rhizobiaceae,G__Agrobacterium,,GTAGTCCACGCCGTAAACGATGAATGTTAGCCGTCGGCAAGTTTACTTGTCGGTGGCGCAGCTAACGCATTAAACATTCCGCCTGGGGAGTACGGTCGCAAGATTAAAACTCAAAGGAATTGACGGGGGCCCGCACAAGCGGTGGAGCATGTGGTTTAATTCGAAGCAACGCGCAGAACCTTACCAGCCCTTGACATGCCCGGCTCGCCACAGAGATGTGGTTTTCCCTTCGGGGACCGGGACACAGGTGCTGCATGGCTGTCGTCAGCTCGTGTCGTGAGATGTTGGGTTAAGTCCCGCAACGAGCGCAACCCTCGCCCTTAGTTGCCAGCATTTGGTTGGGCACTCTAAGGGGACTGCCGGTGATAAGCCGAGA,NS,C__Alphaproteobacteria,
85,OTU61,0.0042,0.00326315789473684,-0.352199024122367,12.4819777185688,0.147011580412784,0.701407715223368,0.941491315624437,b85a9d5421f841ca4450cd6e411b0c76,P__Firmicutes,C__Bacilli,O__Bacillales,F__Paenibacillaceae,G__Paenibacillus,S__chondroitinus,GTAGTCCACGCCGTAAACGATGCATACTAGGTGTTGGGGATTCGATTCCTCGGTGCCGAAGTTAACACAGTAAGTATGCCGCCTGGGGAGTACGCTCGCAAGAGTGAAACTCAAAGGAATTGACGGGGACCCGCACAAGCAGTGGAGTATGTGGTTTAATTCGAAGCAACGCGAAGAACCTTACCAGGTCTTGACATCTGGGTGTAAGCACTAGAGATAGTGCCCCTCTTCGGAGCACCCAAGACAGGTGGTGCATGGTTGTCGTCAGCTCGTGTCGTGAGATGTTGGGTTAAGTCCCGCAACGAGCGCAACCCTTGATCTTAGTTGCCAGCACTTCGGGTGGGCACTCTAAGATGACTGCCGGTGACAAACCGGA,NS,P__Firmicutes,
86,OTU68,0.0052,0.00515789473684211,-0.011452861264747,12.8039058134561,0.000243563057814811,0.987548314555256,0.998507688763956,65d961a9b3de4ac1c53be85d50c547ed,P__Firmicutes,C__Bacilli,O__Bacillales,F__Paenibacillaceae,G__Paenibacillus,S__chondroitinus,GTAGTCCACGCCGTAAACGATGCATACTAGGTGTTGGGGATTCGATTCCTCGGTGCCGAAGTTAACACAGTAAGTATGCCGCCTGGGGAGTACGCTCGCAAGAGTGAAACTCAAAGGAATTGACGGGGACCCGCACAAGCAGTGGAGTATGTGGTTTAATTCGAAGCAACGCGAAGAACCTTACCAGGTCTTGACATCCCGATGTAACGCCTAGAGATAGGCGCCCTCTTCGGAGCATTGGAGACAGGTGGTGCATGGTTGTCGTCAGCTCGTGTCGTGAGATGTTGGGTTAAGTCCCGCAACGAGCGCAACCCTTGATCTTAGTTGCCAGCACTTCGGGTGGGCACTCTAAGATGACTGCCGGTGACAAACCGGA,NS,P__Firmicutes,
87,OTU7,0.02365,0.037,0.642945684827565,14.9669444293132,1.28124250690897,0.257668139943637,0.461857986691425,df225125c7482a416e50f080bd8e0137,P__Proteobacteria,C__Betaproteobacteria,O__Burkholderiales,F__Burkholderiaceae,G__Pandoraea,,GTAGTCCACGCCCTAAACGATGTCAACTAGTTGTTGGGGATTCATTTCCTTAGTAACGAAGCTAACGCGTGAAGTTGACCGCCTGGGGAGTACGGTCGCAAGATTAAAACTCAAAGGAATTGACGGGGACCCGCACAAGCGGTGGATGATGTGGATTAATTCGATGCAACGCGAAAAACCTTACCTACCCTTGACATGTACGGAATCCTGCTGAGAGGTGGGAGTGCTCGAAAGAGAACCGTAACACAGGTGCTGCATGGCTGTCGTCAGCTCGTGTCGTGAGATGTTGGGTTAAGTCCCGCAACGAGCGCAACCCTTGTCCTTAGTTGCTACGCAAGAGCACTCTAGGGAGACTGCCGGTGACAAACCGGA,NS,C__Betaproteobacteria,
88,OTU71,0.00165,0.00647368421052632,1.89435935255128,12.5449875160946,4.86112984468823,0.0274683421334605,0.108728854278281,adb700c12756f747acedb92d9356ff4c,P__Proteobacteria,C__Betaproteobacteria,O__Burkholderiales,F__Comamonadaceae,G__Comamonas,,GTAGTCCACGCCCTAAACGATGTCAACTGGTTGTTGGGAATTCACTTTCTCAGTAACGAAGCTAACGCGTGAAGTTGACCGCCTGGGGAGTACGGCCGCAAGGTTGAAACTCAAAGGAATTGACGGGGACCCGCACAAGCGGTGGATGATGTGGTTTAATTCGATGCAACGCGAAAAACCTTACCCACCTTTGACATGGCAGGAACTTACCAGAGATGGTTTGGTGCTCGAAAGAGAACCTGCACACAGGTGCTGCATGGCTGTCGTCAGCTCGTGTCGTGAGATGTTGGGTTAAGTCCCGCAACGAGCGCAACCCTTGCCATTAGTTGCTACATTCAGTTGAGCACTCTAATGGGACTGCCGGTGACAAACCGGA,NS,C__Betaproteobacteria,
89,OTU73,0.00355,0.00426315789473684,0.255871187791998,12.5201128474555,0.0723655288444576,0.787923204905655,0.947520459957983,78aa7af7b017ab831bdb5f3f9c083244,P__Firmicutes,C__Bacilli,O__Bacillales,F__Paenibacillaceae,G__Paenibacillus,S__chondroitinus,GTAGTCCACGCCGTAAACGATGCATACTAGGTGTCGGGGATTCGATTTCTCGGTGCCGAAGTTAACACAGTAAGTATGCCGCCTGGGGAGTACGCTCGCAAGAGTGAAACTCAAAGGAATTGACGGGGACCCGCACAAGCAGTGGAGTATGTGGTTTAATTCGAAGCAACGCGAAGAACCTTACCAGGTCTTGACATCCCGATGTAACACCTAGAGATAGGTGCCCTCTTCGGAGCATTGGAGACAGGTGGTGCATGGTTGTCGTCAGCTCGTGTCGTGAGATGTTGGGTTAAGTCCCGCAACGAGCGCAACCCTTGATCTTAGTTGCCAGCACTTCGGGTGGGCACTCTAGGATGACTGCCGGTGACAAACCGGA,NS,P__Firmicutes,
90,OTU77,0.0036,0.00284210526315789,-0.328184315763003,12.3470481384826,0.106188105216681,0.744526373266647,0.943066739471086,ab17296e09e0f7bccf0ea997d44abd91,P__Firmicutes,C__Bacilli,O__Bacillales,F__Paenibacillaceae,G__Paenibacillus,S__chondroitinus,GTAGTCCACGCCGTAAACGATGCATACTAGGTGTCGGGGATTCGATTTCTCGGTGCCGAAGTTAACACAGTAAGTATGCCGCCTGGGGAGTACGCTCGCAAGAGTGAAACTCAAAGGAATTGACGGGGACCCGCACAAGCAGTGGAGTATGTGGTTTAATTCGAAGCAACGCGAAGAACCTTACCAGGTCTTGACATCCCTCTGAATCCTCTAGAGATAGAGGCGGCCTTCGGGACAGAGGAGACAGGTGGTGCATGGTTGTCGTCAGCTCGTGTCGTGAGATGTTGGGTTAAGTCCCGCAACGAGCGCAACCCTTGATCTTAGTTGCCAGCACTTCGGGTGGGCACTCTAGGATGACTGCCGGTGACAAACCGGA,NS,P__Firmicutes,
91,OTU78,7e-04,0.000157894736842105,-1.54412878321258,11.2444784048421,0.91343385612762,0.339204954327877,0.565341590546462,703ca461c1332f98e7b275f7e156ab0f,P__Proteobacteria,C__Gammaproteobacteria,O__Pseudomonadales,F__Pseudomonadaceae,G__Pseudomonas,,GTAGTCCACGCCGTAAACGATGTCAACTAGCCGTTGGAAGCCTTGAGCTTTTAGTGGCGCAGCTAACGCATTAAGTTGACCGCCTGGGGAGTACGGCCGCAAGGTTAAAACTCAAATGAATTGACGGGGGCCCGCACAAGCGGTGGAGCATGTGGTTTAATTCGAAGCAACGCGAAGAACCTTACCAGGCCTTGACATCCAATGAACTTTCTAGAGATAGATTGGTGCCTTCGGGAACATTGAGACAGGTGCTGCATGGCTGTCGTCAGCTCGTGTCGTGAGATGTTGGGTTAAGTCCCGTAACGAGCGCAACCCTTGTCCTTAGTTACCAGCGCGTCATGGTGGGCACTCTAAGGAGACTGCCGGTGACAAACCGGA,NS,C__Gammaproteobacteria,
92,OTU8,0.02345,0.082,1.80056369453459,15.7142273144649,8.79940086265001,0.00301329485061409,0.0287925545864392,11f4e7ca3fb618f5a83d24db4e9b311c,P__Proteobacteria,C__Betaproteobacteria,O__Burkholderiales,F__Comamonadaceae,G__Variovorax,S__paradoxus,GTAGTCCACGCCCTAAACGATGTCAACTGGTTGTTGGGAATTCACTTTCTCAGTAACGAAGCTAACGCGTGAAGTTGACCGCCTGGGGAGTACGGCCGCAAGGTTGAAACTCAAAGGAATTGACGGGGACCCGCACAAGCGGTGGATGATGTGGTTTAATTCGATGCAACGCGAAAAACCTTACCCACCTTTGACATGTACGGAATTCGCCAGAGATGGCTTAGTGCTCGAAAGAGAACCGTAACACAGGTGCTGCATGGCTGTCGTCAGCTCGTGTCGTGAGATGTTGGGTTAAGTCCCGCAACGAGCGCAACCCTTGTCATTAGTTGCTACATTCAGTTGGGCACTCTAATGAGACTGCCGGTGACAAACCGGA,Enriched,C__Betaproteobacteria,G__Variovorax
93,OTU80,0.0046,0.00315789473684211,-0.525345837440035,12.5201128474555,0.391471681005964,0.531526836494791,0.765076507075836,ad2ec38f40f99cf6e353eec7750bf55a,P__Firmicutes,C__Bacilli,O__Bacillales,F__Paenibacillaceae,G__Paenibacillus,S__chondroitinus,GTAGTCCACGCCGTAAACGATGCATACTAGGTGTCGGGGATTCGATTTCTCGGTGCCGAAGTTAACACAGTAAGTATGCCGCCTGGGGAGTACGCTCGCAAGAGTGAAACTCAAAGGAATTGACGGGGACCCGCACAAGCAGTGGAGTATGTGGTTTAATTCGAAGCAACGCGAAGAACCTTACCAGGTCTTGACATCCCTCTGAATCCTCTAGAGATAGAGGCGACCTTCGGGACAGAGGAGACAGGTGGTGCATGGTTGTCGTCAGCTCGTGTCGTGAGATGTTGGGTTAAGTCCCGCAACGAGCGCAACCCTTGATCTTAGTTGCCAGCACTTCGGGTGGGCACTCTAGGATGACTGCCGGTGACAAACCGGA,NS,P__Firmicutes,
94,OTU9,0.03775,0.0406315789473684,0.105787070111428,15.3229803785208,0.0522233746032299,0.819238635024639,0.947520459957983,09ec497795ae35c3c97c2fbe9fb741c7,P__Firmicutes,C__Bacilli,O__Bacillales,F__Paenibacillaceae,G__Paenibacillus,S__chondroitinus,GTAGTCCACGCCGTAAACGATGCATACTAGGTGTTGGGGATTCGATTCCTCGGTGCCGAAGTTAACACAGTAAGTATGCCGCCTGGGGAGTACGCTCGCAAGAGTGAAACTCAAAGGAATTGACGGGGACCCGCACAAGCAGTGGAGTATGTGGTTTAATTCGAAGCAACGCGAAGAACCTTACCAGGTCTTGACATCCCTCTGAATATCCTAGAGATAGGGTAGGCCTTCGGGACAGAGGAGACAGGTGGTGCATGGTTGTCGTCAGCTCGTGTCGTGAGATGTTGGGTTAAGTCCCGCAACGAGCGCAACCCTTGATCTTAGTTGCCAGCACTTCGGGTGGGCACTCTAAGATGACTGCCGGTGACAAACCGGA,NS,P__Firmicutes,
95,OTU96,0.0019,0.00736842105263158,1.88770261026726,12.6746227965112,1.62808974967145,0.201967466713294,0.399727277870061,9cde2a396d5b121c168ae9fecdee2cd5,P__Proteobacteria,C__Gammaproteobacteria,O__Pseudomonadales,F__Pseudomonadaceae,G__Pseudomonas,,GTAGTCCACGCCGTAAACGATGTCAACTAGCCGTTGGAAGCCTTGAGCTTTTAGTGGCGCAGCTAACGCATTAAGTTGACCGCCTGGGGAGTACGGCCGCAAGGTTAAAACTCAAATGAATTGACGGGGGCCCGCACAAGCGGTGGAGCATGTGGTTTAATTCGAAGCAACGCGAAGAACCTTACCAGGCCTTGACATCCAATGAACTTTCTAGAGATAGATTGGTGCCTTCGGGAACATTGAGACAGGTGCTGCATGGCTGTCGTCAGCTCGTGTCGTGAGATGTTGGGTTAAGTCCCGTAACGAGCGCAACCCTTGTCCTTAGTTACCAGCACGTTATGGTGGGCACTCTAAGGAGACTGCCGGTGACAAACCGGA,NS,C__Gammaproteobacteria,
